Objective,Sample_Year,Date,Site,Plot,Team,Status,Core_collected,Well_placed,Hobos_placed,Notes,
Site Install,2022,8/27/2021,Brewers Bay,A,"Lila, Laura, Allison, Jenna, Kayla, Julia, Allie, Kristin, and Heather","Plot A started, still need to add tree tags, redo woody debris, record tree height, distance of tagged trees to center, and collect sediment core",,Y,Y,Short core collected at Brewer's Bay,
Site Install,2022,9/20/2021,Brewers Bay,B,"Allison, Kristin, Allie, Heather",Finished plot A and started plot B,,N,Y,,
Site Install,2022,9/21/2021,Brewers Bay,C,"Laura, Allison, Kayla, Kristin, Allie, Heather",Finished plots B and C,Y,N,Y,,
Site Install,2022,9/23/2021,Perseverance Bay,A,"Lila, Laura, Kayla, Kristin, Allie, Heather",Finished all 3 plots and collected 2 cores,Y,N,Y,,
Site Install,2022,9/23/2021,Perseverance Bay,B,"Lila, Laura, Kayla, Kristin, Allie, Heather",,Y,N,Y,,
Site Install,2022,9/23/2021,Perseverance Bay,C,"Lila, Laura, Kayla, Kristin, Allie, Heather",,N,N,Y,,
Site Install,2022,9/28/2021,Vessup Bay,A,"Laura, Kayla, Kristin, Heather",Finished plots A and B,Y,Y,Y,Both cores collected and well placed,
Site Install,2022,9/28/2021,Vessup Bay,B,"Laura, Kayla, Kristin, Heather",,Y,N,Y,,
Site Install,2022,9/30/2021,Vessup Bay,C,"Lila, Allison, Heather",Finished plot C,N,N,Y,,
Site Install,2022,10/1/2021,Mandahl Bay,A,"Laura, Lila, Kayla, Heather",Finished plots A and B,Y,Y,Y,Both cores collected and well placed,
Site Install,2022,10/1/2021,Mandahl Bay,B,"Laura, Lila, Kayla, Heather",,Y,N,Y,,
Site Install,2022,10/12/2021,Mandahl Bay,C,"Laura, Heather, Allie, and Kristin",Finished plot C and did ground truthing for Susan,N,N,Y,Moved the control hobo to rock pile,
Site Install,2022,10/14/2021,Compass Point,A,"Kayla, Laura, Lila, Allie, Kristin, and Heather",Finished all 3 plots and collected 2 cores,Y,N,Y,,
Site Install,2022,10/14/2021,Compass Point,B,"Kayla, Laura, Lila, Allie, Kristin, and Heather",,Y,N,Y,,
Site Install,2022,10/14/2021,Compass Point,C,"Kayla, Laura, Lila, Allie, Kristin, and Heather",,N,N,Y,,
Site Install,2022,10/15/2021,STEER Fringe,A,"Kayla, Laura, Lila, Allie, Kristin, Heather, and Karrin",Finished plots A and B,Y,Y,Y,Both cores collected and well placed,
Site Install,2022,10/15/2021,STEER Fringe,B,"Kayla, Laura, Lila, Allie, Kristin, Heather, and Karrin",,Y,N,Y,,
Site Install,2022,10/19/2021,STEER Fringe,C,"Kayla, Allie, Kristin, Heather, and Sierrah",Finished plots Fringe C and Basin A,Y,N,Y,"Collected cores from both sites, plot D has multiple old wells that we can clean and add a levelogger to",
Site Install,2022,10/19/2021,STEER Basin,A,"Kayla, Allie, Kristin, Heather, and Sierrah",Finished plots Fringe C and Basin A,Y,N,Y,D is added basin site,
Site Install,2022,10/22/2021,Magens Bay,A,"Lila, Laura, Allie, Kristin, Heather",Finished plot A and started plot BFinished plot A and started plot B,Y,Y,Y,Collected core from plot A and well placed,
Site Install,2022,10/22/2021,Magens Bay,B,"Lila, Laura, Allie, Kristin, Heather",Finished plot A and started plot BFinished plot A and started plot B,Y,N,Y ,,
Site Install,2022,10/25/2021,Princess Bay,B,"Heather, Allie, Kristin",Finished plot B,Y,Y,Y,Collected core from plot B and well placed,
Site Install,2022,10/26/2021,Lameshur Bay,A,"Allison, Kristin, Allie, Laura, Kayla",Finished all 3 plots and installed a well,N,Y,N,Have to go back for cores and hobos,
Site Install,2022,10/26/2021,Lameshur Bay,B,"Allison, Kristin, Allie, Laura, Kayla",Finished all 3 plots and installed a well,N,N,N,,
Site Install,2022,10/26/2021,Lameshur Bay,C,"Allison, Kristin, Allie, Laura, Kayla",Finished all 3 plots and installed a well,N,N,N,,
Site Install,2022,10/28/2021,Francis Bay,A,"Lila, Laura, Allie, Kristin, Heather, Victoria, Lincoln","Finished plots A and B, need to finish tagging trees in plot C",N,N,N,Have to go back for cores and hobos,
Site Install,2022,10/28/2021,Francis Bay,B,"Lila, Laura, Allie, Kristin, Heather, Victoria, Lincoln",,N,N,N,,
Site Install,2022,10/29/2021,Princess Bay,A,"Lila, Kayla, Allie, Heather, Allison, Jenna, and Lincoln",Finished plots A and C,N,N,N,Have to go back for one core and hobos,
Site Install,2022,10/29/2021,Princess Bay,C,"Lila, Kayla, Allie, Heather, Allison, Jenna, and Lincoln",,N,N,N,,
Site Install,2022,10/29/2021,Francis Bay,C,"Lila, Kayla, Allie, Heather, Allison, Jenna, and Lincoln",Finished plot C,N,Y,N,,
Site Install,2022,11/15/2021,Great Pond,"A, B, C","Kristin, Heather, Allison, Allie, Hilary, Kelcie, Pedro",Finished everything at all plots except HOBO install,Y,Y,N,,
Site Install,2022,11/16/2021,Southgate,"A, B, C","Kristin, Heather, Allison, Allie, Pedro, Caroline, Jen, Hilary",Finished everything at all plots except HOBO install,Y,Y,N,,
Site Install,2022,11/17/2021,Krause Lagoon,"A, B, C","Kristin, Heather, Allison, Allie",Finished everything at all plots except HOBO install,Y,Y,N,,
Site Install,2022,11/18/2021,Salt River,"A, B, C","Kristin, Heather, Allison, Allie, Kristen, Hilary, Camille, Calypso",Finished everything at all plots except HOBO install,Y,Y,N,"2 plots in Bio Bay, 1 in Hemmers Bay",
Site Install,2022,11/30/2021,Magens Bay,"C, B (partial)","Allie, Allison",Finished everything except HOBO install at Plot C,Y,N,"N (partially placed, plots A & B)","finished plot b radial plot, took core at plot b, established and completed plot C",
Site Install,2022,12/2/2021,Turner Bay,A,"Heather, Allie, Allison, Kayla, Laura, Lila",Finished Plot A,N,Y,N,"plot PVC for B & C left at site, secured to plot A pole. ",
Site Install,2022,12/3/2021,Reef Bay,"A, B (partial)","Allie, Lila, Kayla, Laura","Finished Plot A, started Plot B (completed regen & woody debris, still need to do all radial plot, YSI, densiometer and tree heights)",N,Y (plot A),N,"plot PVC for B & C left at site, secured to plot A pole. POST POUNDER NOT NEEDED HERE",
Site Install,2022,12/8/2021,Reef Bay,"B (partial), C","Kristin, Allie, Lila, Kalya, Laura, Jon Jon","Finished Plot B, established and finished plot C",N,N,N,easier site exit to the north west of the pond,
Site Install,2022,12/8/2021,Turner Bay,B,"Kristin, Allie, Lila, Kalya, Laura, Jon Jon",Established and Finished Plot B,N,N,N,plot PVC for C left at site B,
Site Install,2022,12/10/2021,Turner Bay,C,"Kristin, Allie, Lila, Kalya, Laura",Established and finished Plot C,N,N,N,,
Site Install,2022,2/22/2022,STEER Basin,"A, B, C","KWG, AND, KT, HL, LU, LP, KH","Established Basin plots B & C, offloads at  basin A",Y,N,Y,,
Spring Offloads,2022,2/22/2022,STEER Fringe,"A, B, C","KWG, AND, KT, HL, LU, LP, KH",Offloads at fringe A-C,N,N,Y,,
Spring Offloads,2022,2/24/2022,Compass Point,"A, B, C","AND, AJH, LU, KH",Offloads at A-C,N,N,Y,,
Spring Offloads,2022,2/24/2022,Vessup Bay,"A, B, C","AND, AJH, LU, KH",Offloads at A-C,N,N,Y,,
Spring Offloads,2022,2/24/2022,Mandahl Bay,"A, B, C","AND, AJH, LU, KH",Offloads at A-C,N,N,Y,,
Spring Offloads,2022,2/24/2022,Magens Bay,"A, B","AND, AJH, LU, KH",Offloads at A & B,N,N,Y,,
Site Install,2022,2/25/2022,Water Creek,"A, B, C","LU, KH, LP, AD, TT",Established and Finished Plots A-C,N,N,Y,"NPS SETS between plots A & B, and W of B",
Spring Offloads,2022,2/25/2022,Lameshur Bay,"A, B, C","LU, KH, LP, AD, TT",Offloads at A-C,N,N,Y,,
Spring Offloads,2022,3/1/2022,Magens Bay,C,"AND, LU, Zach",Offloads at C,N,N,Y,,
Spring Offloads,2022,3/2/2022,Brewers Bay,"A, B, C","AND, Zach, Ellie",Offloads at A-C,N,N,Y,,
Spring Offloads,2022,3/11/2022,Reef Bay,"A, B, C","KWG, AND, AJH, VB",Offloads at A-C,N,N,Y,,
Spring Offloads,2022,3/11/2022,Princess Bay,"A, B, C","KWG, AND, AJH, VB",Offloads at A-C,N,N,Y,,
Spring Offloads,2022,3/11/2022,Francis Bay,"A, B, C","KWG, AND, AJH, VB",Offloads at A-C,N,N,Y,,
Spring Offloads,2022,3/17/2022,Perseverance Bay,"A, B, C","AND, AJH, LU",Offloads at A-C,N,N,Y,,
Spring Offloads,2022,3/18/2022,Turner Bay,"A, B, C","AND, AJH, LP",Offloads at A-C,N,N,Y,,
Site Install,2022,4/5/2022,Mary Creek,"A, B, C","KWG, AND, LP, LU, KH",Established and Finished Plots A-C,N,N,Y,"NPS SETS between plots A & B, and B & C",
Summer Offloads,2023,6/24/2022,Salt River,"A, B, C","KWG, AND, AJH, KH",Offloads at A-C,N,N,Y,,diatoms collected
Summer Offloads,2023,6/24/2022,SouthGate,"A, B, C","KWG, AND, AJH, KH",Offloads at A-C,N,N,Y,,
Summer Offloads,2023,6/24/2022,Great Pond,"A, B, C","KWG, AND, AJH, KH",Offloads at A-C,N,N,Y,,
Summer Offloads,2023,6/24/2022,Krause Lagoon,"A, B, C","KWG, AND, AJH, KH",Offloads at A-C,N,N,Y,,diatoms collected
Summer Offloads,2023,7/7/2022,Compass Point,"A,B,C","AND, KH, MG",Offloads at A-C,N,N,N,tag teamed Miranda's trap cam work,
Summer Offloads,2023,7/14/2022,STEER Basin,"A,B,C","AND, KH, MG, KWG",Offloads at A-C,N,N,N,tag teamed Miranda's trap cam work,
Summer Offloads,2023,7/14/2022,Vessup Bay,"A,B,C","AND, KH, MG, KWG",Offloads at A-C,N,N,N,tag teamed Miranda's trap cam work,diatoms collected
Summer Offloads,2023,8/11/2022,Magens Bay,"A, B, C","AND, AJH",Offloads at A-C,N,N,N,"Plots A & B dry, no adjacent H2O to measure",diatoms collected
Summer Offloads,2023,8/18/2022,Brewers Bay,"A, B, C","AND, AJH",Offloads at A-C,N,N,N,,diatoms collected
Summer Offloads,2023,8/23/2022,Mandahl Bay,"A, B, C","AJH, AND, LP",Offloads at A-C,N,N,N,HOBO D lost,
Summer Offloads,2023,8/23/2022,STEER Fringe,"A, B, C","AJH, AND, LP",Offloads at A-C,N,N,N,,diatoms collected
Summer Offloads,2023,9/1/2022,Lameshur Bay,"A, B, C","AND, AJH, KH",Offloads at A-C,N,N,N,,
Summer Offloads,2023,9/1/2022,Princess Bay,"A, B, C","AND, AJH, KH",Offloads at A-C,N,N,N,,diatoms collected
Summer Offloads,2023,9/1/2022,Mary Creek,"A, B, C","AND, AJH, KH",Offloads at A-C,N,N,N,,diatoms collected
Summer Offloads,2023,9/2/2022,Reef Bay,"A, B, C","AND, KH, LU, JS",Offloads at A-C,N,N,N,,
Summer Offloads,2023,9/2/2022,Francis Bay,"A, B, C","AND, KH, LU, JS",Offloads at A-C,N,N,N,,
Summer Offloads,2023,9/2/2022,Turner Bay,"A, B, C","AND, KH, LU, JS",Offloads at A-C,N,N,N,,
Summer Offloads,2023,9/8/2022,Perseverance Bay,"A, B, C","AND, LU, LP",Offloads at A-C,N,N,N,,
Summer Offloads,2023,9/29/2022,Turner Bay,well logger swap,LU,only levellogger swap,N,N,N,,
"Fall Offloads, Year 2 Regen",2023,11/11/2022,Magens Bay,"A, B, C","AND, TNT, JP, KH","Offloads at A-C (YSI included), Regen at A-C",Y (n=2),N,N,,
"Fall Offloads, Year 2 Regen",2023,11/21/2022,Vessup Bay,"A, B, C","AND, JP, LP | AND, AJH, JS, LU","Offloads at A-C (no YSI), Regen at A-C | YSI at A-C","Y (n=2, 11/21/2023) ",N,N,,
"Fall Offloads, Year 2 Regen",2023,11/22/2022,Brewers Bay,"A, B, C","AND, LU, KH | AJH JS","Offloads at A-C (no YSI), Regen at A-C | YSI at A-C",N,N,N,,
"Fall Offloads, Year 2 Regen",2023,11/23/2022,Perseverance Bay,"A, B, C","AND, JP, LU, LP","Offloads at A-C (no YSI), Regen at A-C",Y (n=2),N,N,,
"Fall Offloads, Year 2 Regen",2023,11/23/2022,Compass Point,"A, B, C","AND, LU, KH | AND, AJH, JS, LU","Offloads at A-B (no YSI) | Regen at A-C, YSI at A-C","Y (n=2, 11/23/2022)",N,N,,
"Fall Offloads, Year 2 Regen",2023,1/12/2023,STEER Basin,"A, B, C","AND, KWG, JS, JP, KT, LU","Offloads at A-C (YSI included), Regen at A-C",Y (n=2),N,N,,
"Fall Offloads, Year 2 Regen",2023,1/12/2023,STEER Fringe,"A, B, C","AND, KWG, JS, JP, KT, LU","Offloads at A-C (YSI included), Regen at A-C",Y (n=3?),N,N,,
"Fall Offloads, Year 2 Regen",2023,1/23/2023,Water Creek,"A, B, C","AND, AJH, LU","Offloads at A-C (YSI included), Regen at A-C",N,N,N,,
Winter/ Spring Offloads 2022-2023,2023,1/23/2023,Water Creek,"A, B, C","AND, LU, AJH",Offloads at A-C,,,,,
"Fall Offloads, Year 2 Regen",2023,2/9/2023,Vessup Bay,"A, B, C","AND, JP, LP | AND, AJH, JS, LU","Offloads at A-C (no YSI), Regen at A-C | YSI at A-C","Y (n=2, 11/21/2023) ",N,N,,
"Fall Offloads, Year 2 Regen",2023,2/9/2023,Brewers Bay,"A, B, C","AND, LU, KH | AJH JS","Offloads at A-C (no YSI), Regen at A-C | YSI at A-C",N,N,N,,
"Fall Offloads, Year 2 Regen",2023,2/9/2023,Compass Point,"A, B, C","AND, LU, KH | AND, AJH, JS, LU","Offloads at A-B (no YSI) | Regen at A-C, YSI at A-C","Y (n=2, 11/23/2022)",N,N,,
"Fall Offloads, Year 2 Regen",2023,2/15/2023,Salt River,"A, B, C","AND, KWG, LU, LP, KH","Offloads at A-C (YSI included), Regen at A-C",N,N,N,,
"Fall Offloads, Year 2 Regen",2023,2/16/2023,Great Pond,"A, B, C","AND, LU, LP, KH","Offloads at A-C (YSI included), Regen at A-C",N,N,N,,
"Fall Offloads, Year 2 Regen",2023,2/16/2023,Krause Lagoon,"A, B, C","AND, LU, LP, KH","Offloads at A-C (YSI included), Regen at A-C",N,N,N,,
"Fall Offloads, Year 2 Regen",2023,2/17/2023,SouthGate,"A, B, C","AND, LU, LP, KH","Offloads at A-C (YSI included), Regen at A-C",N,N,N,,
"Fall Offloads, Year 2 Regen",2023,2/21/2023,Princess Bay,"A, B, C","AND, LU, MM, KH, KA","Offloads at A-C (YSI included), Regen at A-C",N,N,N,,
"Fall Offloads, Year 2 Regen",2023,2/21/2023,Lameshur Bay,"A, B, C","AND, LU, MM, KH, KA","Offloads at A-C (YSI included), Regen at A-C",N,N,N,,
Winter/ Spring Offloads 2022-2023,2023,2/21/2023,Princess Bay,"A, B, C","AND, KH, LU, MM, KA",Offloads at A-C,,,,,
Winter/ Spring Offloads 2022-2023,2023,2/21/2023,Lameshur Bay,"A, B, C","LU, KH, AND, KA, MM",Offloads at A-C,,,,,
"Fall Offloads, Year 2 Regen",2023,2/22/2023,Turner Bay,"A, B, C","AND, AJH, KH, LU, KA","Offloads at A-C (YSI included), Regen at A-C",N,N,N,"YSI forgotten 2/22/23, so sample taken 2/23/23",
"Fall Offloads, Year 2 Regen",2023,2/22/2023,Francis Bay,"A, B, C","AND, AJH, KH, LU, KA","Offloads at A-C (YSI included), Regen at A-C",N,N,N,"YSI forgotten 2/22/23, so sample taken 2/23/23",
"Fall Offloads, Year 2 Regen",2023,2/22/2023,Mary Creek,"A, B, C","AND, AJH, KH, LU, KA","Offloads at A-C (YSI included), Regen at A-C",N,N,N,"YSI forgotten 2/22/23, so sample taken 2/23/23",
Winter/ Spring Offloads 2022-2023,2023,2/22/2023,Turner Bay,"A, B, C","AJH, AND, KH, LU, KA",Offloads at A-C,,,,,
Winter/ Spring Offloads 2022-2023,2023,2/22/2023,Francis Bay,"A, B, C","AJH, AND, KH, LU, KA",Offloads at A-C,,,,,
Winter/ Spring Offloads 2022-2023,2023,2/22/2023,Mary Creek,"A, B, C","AJH, AND, KH, LU, KA",Offloads at A-C,,,,,
"Fall Offloads, Year 2 Regen",2023,2/23/2023,Reef Bay,"A, B, C","AND, LP, AJH, KA","Offloads at A-C (YSI included), Regen at A-C",N,N,N,,
Winter/ Spring Offloads 2022-2023,2023,2/23/2023,Reef Bay,"A, B, C","AND, KA, AJH, LP",Offloads at A-C,,,,,
Summer Offloads 2023,2023,7/12/2023,Salt River,"A, B, C ","LU, KWG, DG, JS, KH, AJH, AD",Offloads at A-C,N,N,Y,,
Summer Offloads 2023,2023,7/12/2023,SouthGate,"A, B, C","LU, KWG, DG, JS, KH, AJH, AD",Offloads at A-C,N,N,Y,,
Summer Offloads 2023,2023,7/13/2023,Krause Lagoon,"A, B, C","LU, KWG, DG, JS, KH, AJH, AD",Offloads at A-C,N,N,Y,,
Summer Offloads 2023,2023,7/13/2023,Great Pond,"A, B, C","LU, KWG, DG, JS, KH, AJH, AD",Offloads at A-C,N,N,Y,,
Summer Offloads 2023,2023,7/24/2023,Brewers Bay,"A, B, C","KH, DG, JS",Offloads at A-C,,,Y,,
Summer Offloads 2023,2023,7/24/2023,Perseverance Bay,"A, B, C","KH, DG, JS",Offloads at A-C,,,Y,,
Summer Offloads 2023,2023,7/25/2023,Vessup Bay,"A, B, C","KH, DG, JS",Offloads at A-C,,,Y,,
Summer Offloads 2023,2023,7/25/2023,Compass Point,"A, B, C",,Offloads at A-C,,,Y,,
Summer Offloads 2023,2023,7/28/23,Mandahl Bay,"A, B, C",KH,Offloads at A-C,,,N,,
Summer Offloads 2023,2023,7/28/23,STEER Fringe,"A, B, C",KH,Offloads at A-C,,,Y,,
Summer Offloads 2023,2023,8/2/2023,Magens Bay,"A, B, C","LB, AND, AJH",Offloads at A-C,,,Y,,
Summer Offloads 2023,2023,8/14/2023,STEER Basin,"A, B, C","AJH, AND, LP",Offloads at A-C,,,Y,,
Summer Offloads 2023,2023,8/22/2023,Princess Bay,"A, B, C","LU, LB, AND",Offloads at A-C,,,Y,,
Summer Offloads 2023,2023,8/22/2023,Lameshur Bay,"A, B, C","AND, LP, LU",Offloads at A-C,,,Y,,
Summer Offloads 2023 ,2023,8/23/2023,Francis Bay,"A, B, C","LU, AJH, KH",Offloads at A-C,,,Y,,
Summer Offloads 2023,2023,8/23/2023,Mary Creek,"A, B, C","LU, KH, AJH",Offloads at A-C,,,Y,,
Summer Offloads 2023,2023,8/23/2023,Water Creek,"A, B, C","AJH, LU, KH",Offloads at A-C,,,Y,,
Summer Offloads 2023,2023,8/23/2023,Reef Bay,"A, B, C","LU, AND, AJH",Offloads at A-C,,,Y,,
"Fall Offloads, Year 2 Regen",2023,11/21/2023,Mandahl Bay,"A, B, C","AND, JP, LP","Offloads at A-C (no YSI), Regen at A-C",Y (n=2),N,N,,
Year 3 (all TMMP),2024,6/5/24,Brewers Bay,A,,,,,,,
Year 3 (all TMMP),2024,6/7/24,Mandahl Bay,"A, B",,,,,,,
Year 3 (all TMMP),2024,6/10/24,Brewers Bay,A,,,,,,,
Year 3 (all TMMP),2024,6/10/24,Mandahl Bay,C,,,,,,,
Year 3 (all TMMP),2024,6/11/24,Compass Point,"A, B, C",,,,,,,
Year 3 (all TMMP),2024,6/12/24,Perseverance Bay,"A, B, C",,,,,,,
Year 3 (all TMMP),2024,6/13/24,Vessup Bay,"A, B, C",,,,,,,
Year 3 (all TMMP),2024,6/17/24,Brewers Bay,"B, C",,,,,,,
Year 3 (all TMMP),2024,6/18/24,STEER Basin,"A,B",,,,,,,
Year 3 (all TMMP),2024,7/5/24,STEER Fringe,"A, B",,,,,,,
Year 3 (all TMMP),2024,7/8/24,STEER Basin,C,,,,,,,
Year 3 (all TMMP),2024,7/8/24,STEER Fringe,C,,,,,,,
Year 3 (all TMMP),2024,7/9/24,Magens Bay,"A, B, C",,,,,,,
Year 3 (all TMMP),2024,7/17/24,Francis Bay,"A, B, C",,,,,,,
Year 3 (all TMMP),2024,7/18/24,Princess Bay,"A, B, C",,,,,,,
Year 3 (all TMMP),2024,7/19/24,Magens Bay,C,,,,,,,
Year 3 (all TMMP),2024,7/22/24,Great Pond,"B, C",,,,,,,
Year 3 (all TMMP),2024,7/22/24,SouthGate,"A, B, C",,,,,,,
Year 3 (all TMMP),2024,7/23/24,Krause Lagoon,"A, B, C",,,,,,,
Year 3 (all TMMP),2024,7/24/24,Salt River,"A, B, C ",,,,,,,
Year 3 (all TMMP),2024,7/24/24,Great Pond,A,,,,,,,
Year 3 (all TMMP),2024,8/6/24,Lameshur Bay,"A, B, C",,,,,,,
Year 3 (all TMMP),2024,8/7/24,Turner Bay,"A, B, C",,,,,,,
Year 3 (all TMMP),2024,8/8/24,Water Creek,"A, B, C",,,,,,,
Year 3 (all TMMP),2024,8/9/24,Mary Creek,"A, B, C",,,,,,,
Year 3 (all TMMP),2024,9/18/24,Reef Bay,"A, B, C",,,,,,,
Summer Offloads 2023 ,2023,8/22/2023,Turner Bay,"A, B, C","LU, AD, LB",Offloads at A-C,,,Y,,