SY,Date,Site,Plot,Quadrat,Water_depth_cm,Tall_seedling_cm,Tall_seedling_sp,Tall_sapling_cm,Tall_sapling_sp,MD_cover,RHMA_props_roots,RHMA_props_noroots,RHMA_propagules,RHMA_seedlings,RHMA_saplings,LARA_props_roots,LARA_props_noroots,LARA_propagules,LARA_seedlings,LARA_saplings,AVGE_props_roots,AVGE_props_noroots,AVGE_propagules,AVGE_seedlings,AVGE_saplings,Total_saplings,Notes
2022,9/20/2021,Brewers Bay,A,East,22,0,,0,,none,0,0,0,0,0,0,0,0,0,0,0,0,0,0,0,0,
2022,9/20/2021,Brewers Bay,A,North,0,5.1,LARA,0,,none,0,0,0,0,0,0,0,0,1,0,0,0,0,0,0,0,
2022,9/20/2021,Brewers Bay,A,South,53,0,,0,,none,0,0,0,0,0,0,0,0,0,0,0,0,0,0,0,0,
2022,9/20/2021,Brewers Bay,A,West,10.8,49.6,LARA,250,LARA,none,0,2,2,0,0,0,20,20,7,2,0,0,0,0,0,2,
2022,9/21/2021,Brewers Bay,B,East,0.5,14.8,LARA,0,,none,0,0,0,0,0,34,354,388,281,0,0,0,0,0,0,0,
2022,9/21/2021,Brewers Bay,B,North,1,11.1,LARA,0,,none,0,0,0,0,0,23,4,27,35,0,0,0,0,0,0,0,
2022,9/21/2021,Brewers Bay,B,South,0.5,12.2,LARA,0,,none,0,0,0,0,0,39,52,91,267,0,0,0,0,0,0,0,
2022,9/21/2021,Brewers Bay,B,West,8.5,1.8,LARA,0,,none,1,1,2,0,0,1,8,9,1,0,0,0,0,0,0,0,
2022,9/21/2021,Brewers Bay,C,East,0,46.5,LARA,174,LARA,none,9,0,9,4,4,6,1,7,0,0,0,0,0,0,0,4,
2022,9/21/2021,Brewers Bay,C,North,7,45.9,LARA,79.3,LARA,none,4,3,7,8,10,0,4,4,2,0,0,0,0,0,0,10,
2022,9/21/2021,Brewers Bay,C,South,0,11.1,LARA,8.1,LARA,none,3,8,11,0,10,0,6,6,1,0,0,0,0,0,0,10,
2022,9/21/2021,Brewers Bay,C,West,0,49,RHMA,102.3,RHMA,none,2,10,12,9,19,0,77,77,0,0,0,0,0,0,0,19,
2022,10/14/2021,Compass Point,A,East,2.7,47,RHMA,81.6,RHMA,none,5,1,6,12,6,0,0,0,0,0,0,0,0,0,0,6,
2022,10/14/2021,Compass Point,A,North,5.6,0,,300,RHMA,none,1,1,2,0,3,0,0,0,0,0,0,0,0,0,0,3,
2022,10/14/2021,Compass Point,A,South,1.7,49.9,RHMA,175.2,RHMA,none,4,1,5,21,10,0,0,0,0,0,0,0,0,0,0,10,
2022,10/14/2021,Compass Point,A,West,0.5,49.9,RHMA,123.9,RHMA,none,1,1,2,1,8,0,0,0,0,0,0,0,0,0,0,8,
2022,10/14/2021,Compass Point,B,East,4.4,36,RHMA,102.5,RHMA,none,2,0,2,4,1,0,0,0,0,0,0,0,0,0,0,1,
2022,10/14/2021,Compass Point,B,North,5.5,0,,0,,none,0,0,0,0,0,0,0,0,0,0,0,0,0,0,0,0,
2022,10/14/2021,Compass Point,B,South,4.3,41.5,RHMA,128,RHMA,none,1,0,1,1,9,0,0,0,0,0,0,0,0,0,0,9,
2022,10/14/2021,Compass Point,B,West,9.5,13,AVGE,0,,none,0,0,0,0,0,0,0,0,0,0,0,0,0,1,0,0,
2022,10/14/2021,Compass Point,C,East,9.3,32.3,AVGE,183,AVGE,none,0,0,0,0,0,1,0,1,0,2,1,0,1,1,6,8,sapling data adjusted according to sapling sheet
2022,10/14/2021,Compass Point,C,North,12.6,41.4,AVGE,79.5,AVGE,none,0,0,0,0,0,3,0,3,0,0,0,1,1,1,1,1,sapling data adjusted according to sapling sheet
2022,10/14/2021,Compass Point,C,South,6.7,33.1,AVGE,0,,none,0,0,0,0,0,0,0,0,0,0,0,0,0,5,2,2,sapling data adjusted according to sapling sheet
2022,10/14/2021,Compass Point,C,West,16.3,0,,0,,none,0,0,0,0,0,0,0,0,0,0,0,0,0,0,0,0,sapling data adjusted according to sapling sheet
2022,10/28/2021,Francis Bay,A,East,0,5.6,LARA,0,,none,0,0,0,0,0,11,78,89,11,0,0,0,0,0,0,0,"N QUAD: 1 maho seedling 5.4. S QUAD: huge land crab hole, 5 maho seedlings (tallest 4.9).     deer tracks all over. "
2022,10/28/2021,Francis Bay,A,North,0,5.4,RHMA,0,,none,0,0,0,1,0,0,18,18,0,0,0,0,0,0,0,0,"N QUAD: 1 maho seedling 5.4. S QUAD: huge land crab hole, 5 maho seedlings (tallest 4.9).     deer tracks all over. "
2022,10/28/2021,Francis Bay,A,South,0,0,,0,,none,0,0,0,0,0,1,0,1,0,0,0,0,0,0,0,0,"N QUAD: 1 maho seedling 5.4. S QUAD: huge land crab hole, 5 maho seedlings (tallest 4.9).     deer tracks all over. "
2022,10/28/2021,Francis Bay,A,West,0,22.3,LARA,0,,none,0,0,0,0,0,0,5,5,2,0,0,0,0,0,0,0,"N QUAD: 1 maho seedling 5.4. S QUAD: huge land crab hole, 5 maho seedlings (tallest 4.9).     deer tracks all over. "
2022,10/28/2021,Francis Bay,B,East,0,8.5,LARA,0,,none,0,0,0,0,0,11,85,96,13,0,0,0,0,0,0,0,
2022,10/28/2021,Francis Bay,B,North,0,0,,0,,none,0,0,0,0,0,0,5,5,0,0,0,0,0,0,0,0,
2022,10/28/2021,Francis Bay,B,South,0,2.9,LARA,0,,none,0,0,0,0,0,1,50,51,1,0,0,0,0,0,0,0,
2022,10/28/2021,Francis Bay,B,West,0,0,,0,,none,0,0,0,0,0,0,17,17,0,0,0,0,0,0,0,0,
2022,10/28/2021,Francis Bay,C,East,2.9,0,,0,,none,0,0,0,0,0,0,1,1,0,1,0,0,0,0,0,1,W QUAD: unknown prop with roots
2022,10/28/2021,Francis Bay,C,North,0,0,,0,,none,0,0,0,0,0,0,0,0,0,0,0,0,0,0,0,0,W QUAD: unknown prop with roots
2022,10/28/2021,Francis Bay,C,South,1.7,0,,0,,none,0,0,0,0,0,0,3,3,0,0,0,0,0,0,0,0,W QUAD: unknown prop with roots
2022,10/28/2021,Francis Bay,C,West,1,0,,0,,none,0,0,0,0,0,0,0,0,0,0,0,0,0,0,0,0,W QUAD: unknown prop with roots
2022,11/15/2021,Great Pond,A,East,0,45,AVGE,129,RHMA,none,0,0,0,0,5,0,0,0,0,0,0,0,0,1,3,8,
2022,11/15/2021,Great Pond,A,North,0,48.5,RHMA,193,RHMA,none,0,0,0,111,10,0,0,0,0,0,0,0,0,0,0,10,
2022,11/15/2021,Great Pond,A,South,0,0,,0,,none,0,0,0,0,0,0,0,0,0,0,0,0,0,0,0,0,
2022,11/15/2021,Great Pond,A,West,0,0,,0,,none,0,0,0,0,0,0,0,0,0,0,0,0,0,0,0,0,
2022,11/15/2021,Great Pond,B,East,0,0,,0,,none,0,0,0,0,0,0,0,0,0,0,0,0,0,0,0,0,
2022,11/15/2021,Great Pond,B,North,0,0,,0,,none,0,0,0,0,0,0,0,0,0,0,0,0,0,0,0,0,
2022,11/15/2021,Great Pond,B,South,0,0,,0,,little,0,0,0,0,0,0,0,0,0,0,0,0,0,0,0,0,
2022,11/15/2021,Great Pond,B,West,0,0,,0,,none,0,0,0,0,0,0,0,0,0,0,0,0,0,0,0,0,
2022,11/15/2021,Great Pond,C,East,0,0,,0,,none,0,0,0,0,0,0,0,0,0,0,0,0,0,0,0,0,All dead blacks in plot
2022,11/15/2021,Great Pond,C,North,0,0,,0,,none,0,0,0,0,0,0,0,0,0,0,0,0,0,0,0,0,All dead blacks in plot
2022,11/15/2021,Great Pond,C,South,0,0,,0,,none,0,0,0,0,0,0,0,0,0,0,0,0,0,0,0,0,All dead blacks in plot
2022,11/15/2021,Great Pond,C,West,0,0,,0,,none,0,0,0,0,0,0,0,0,0,0,0,0,0,0,0,0,All dead blacks in plot
2022,11/17/2021,Krause Lagoon,A,East,19,40,RHMA,340,RHMA,little,0,0,0,3,4,0,0,0,0,0,0,0,0,0,0,4,Sargassum
2022,11/17/2021,Krause Lagoon,A,North,6,20.5,RHMA,300,RHMA,lots,10,0,10,4,7,1,0,1,5,0,1,0,1,0,0,7,Sargassum
2022,11/17/2021,Krause Lagoon,A,South,1.3,45,RHMA,400,RHMA,moderate,3,0,3,3,12,0,0,0,0,0,0,0,0,0,0,12,Sargassum
2022,11/17/2021,Krause Lagoon,A,West,6,38,RHMA,262,RHMA,moderate,1,3,4,1,19,0,0,0,0,0,0,0,0,0,0,19,Sargassum
2022,11/17/2021,Krause Lagoon,B,East,24,0,,136,RHMA,none,0,1,1,0,4,0,0,0,0,0,0,0,0,0,0,4,W QUAD: opening filled with dead RHMA
2022,11/17/2021,Krause Lagoon,B,North,25,0,,66,RHMA,none,0,0,0,0,1,0,0,0,0,0,0,0,0,0,0,1,W QUAD: opening filled with dead RHMA
2022,11/17/2021,Krause Lagoon,B,South,30,0,,400,RHMA,none,0,1,1,0,4,0,0,0,0,0,0,0,0,0,0,4,W QUAD: opening filled with dead RHMA
2022,11/17/2021,Krause Lagoon,B,West,36,0,,0,,none,0,0,0,0,0,0,0,0,0,0,0,0,0,0,0,0,W QUAD: opening filled with dead RHMA
2022,11/17/2021,Krause Lagoon,C,East,28,0,,0,,none,0,0,0,0,0,0,0,0,0,0,0,0,0,0,0,0,on fringe
2022,11/17/2021,Krause Lagoon,C,North,33,0,,0,,none,0,0,0,0,0,0,0,0,0,0,0,0,0,0,0,0,on fringe
2022,11/17/2021,Krause Lagoon,C,South,40,0,,0,,none,0,0,0,0,0,0,0,0,0,0,0,0,0,0,0,0,on fringe
2022,11/17/2021,Krause Lagoon,C,West,47,0,,0,,none,0,0,0,0,0,0,0,0,0,0,0,0,0,0,0,0,on fringe
2022,10/26/2021,Lameshur Bay,A,East,14.4,27.5,AVGE,0,,none,0,0,0,0,0,0,0,0,0,0,1,2,3,1,0,0,
2022,10/26/2021,Lameshur Bay,A,North,13.5,0,,0,,none,0,0,0,0,0,0,0,0,0,0,0,0,0,0,0,0,
2022,10/26/2021,Lameshur Bay,A,South,16.5,0,,0,,none,0,0,0,0,0,0,0,0,0,0,0,0,0,0,0,0,
2022,10/26/2021,Lameshur Bay,A,West,13.7,0,,0,,none,0,0,0,0,0,0,0,0,0,0,0,0,0,0,0,0,
2022,10/26/2021,Lameshur Bay,B,East,9.5,0,,0,,none,0,0,0,0,0,0,0,0,0,0,0,0,0,0,0,0,
2022,10/26/2021,Lameshur Bay,B,North,5.5,25.6,LARA,0,,none,0,0,0,0,0,0,11,11,7,0,0,0,0,1,0,0,
2022,10/26/2021,Lameshur Bay,B,South,13.1,0,,0,,none,0,0,0,0,0,0,0,0,0,0,0,0,0,0,0,0,
2022,10/26/2021,Lameshur Bay,B,West,9.8,0,,0,,none,0,0,0,0,0,0,0,0,0,0,0,1,1,0,0,0,
2022,10/26/2021,Lameshur Bay,C,East,8.9,46,RHMA,0,,little,6,1,7,4,0,0,0,0,0,0,0,0,0,0,0,0,W QUAD: all props had heavy Herbivory
2022,10/26/2021,Lameshur Bay,C,North,17.5,0,,0,,none,0,0,0,0,0,0,0,0,0,0,0,0,0,0,0,0,W QUAD: all props had heavy Herbivory
2022,10/26/2021,Lameshur Bay,C,South,13.6,0,,105,AVGE,none,0,0,0,0,0,0,0,0,0,0,0,2,2,0,2,2,W QUAD: all props had heavy Herbivory
2022,10/26/2021,Lameshur Bay,C,West,13,49,AVGE,142,AVGE,none,3,4,7,0,0,0,0,0,0,0,0,0,0,1,5,5,W QUAD: all props had heavy Herbivory
2022,10/22/2021,Magens Bay,A,East,12.6,0,,0,,none,0,0,0,0,0,0,0,0,0,0,0,0,0,0,0,0,W QUAD: Conacarpus erectus = 54.7  cm tall
2022,10/22/2021,Magens Bay,A,North,20.6,0,,201,RHMA,none,0,0,0,0,1,0,0,0,0,0,0,0,0,0,0,1,W QUAD: Conacarpus erectus = 54.7  cm tall
2022,10/22/2021,Magens Bay,A,South,9.9,0,,179.5,RHMA,none,0,0,0,0,4,0,0,0,0,0,0,0,0,0,0,4,W QUAD: Conacarpus erectus = 54.7  cm tall
2022,10/22/2021,Magens Bay,A,West,29.4,0,,350,RHMA,none,0,0,0,0,10,0,0,0,0,0,0,0,0,0,0,10,W QUAD: Conacarpus erectus = 54.7  cm tall
2022,10/22/2021,Magens Bay,B,East,34.5,0,,196.8,RHMA,none,0,0,0,0,2,0,0,0,0,0,0,0,0,0,0,2,
2022,10/22/2021,Magens Bay,B,North,22.2,0,,365,RHMA,none,0,0,0,0,3,0,0,0,0,0,0,0,0,0,0,3,
2022,10/22/2021,Magens Bay,B,South,16.2,0,,410,RHMA,none,0,0,0,0,10,0,0,0,0,0,0,0,0,0,0,10,
2022,10/22/2021,Magens Bay,B,West,14.7,0,,400,RHMA,none,0,0,0,0,1,0,0,0,0,0,0,0,0,0,0,1,
2022,11/30/2021,Magens Bay,C,East,0,0,,350,RHMA,none,0,0,0,0,5,0,0,0,0,0,0,0,0,0,0,5,
2022,11/30/2021,Magens Bay,C,North,0,0,,318,RHMA,none,0,0,0,0,2,0,0,0,0,0,0,0,0,0,0,2,
2022,11/30/2021,Magens Bay,C,South,0,0,,300,RHMA,none,0,0,0,0,5,0,0,0,0,0,0,0,0,0,0,5,
2022,11/30/2021,Magens Bay,C,West,0,0,,395,RHMA,none,0,0,0,0,4,0,0,0,0,0,0,0,0,0,0,4,
2022,10/1/2021,Mandahl Bay,A,East,3.2,0,,255,LARA,none,0,0,0,0,1,0,77,77,0,1,0,0,0,0,0,2,serveral seedlings and saplings (Lara and RHMA) but outside regen plots
2022,10/1/2021,Mandahl Bay,A,North,0.7,0,,0,,none,0,0,0,0,0,1,46,47,0,0,0,0,0,0,0,0,serveral seedlings and saplings (Lara and RHMA) but outside regen plots
2022,10/1/2021,Mandahl Bay,A,South,0,14,LARA,0,,none,0,0,0,0,0,2,44,46,0,0,0,0,0,0,0,0,serveral seedlings and saplings (Lara and RHMA) but outside regen plots
2022,10/1/2021,Mandahl Bay,A,West,2.2,0,,0,,none,0,0,0,0,0,0,143,143,0,0,0,0,0,0,0,0,serveral seedlings and saplings (Lara and RHMA) but outside regen plots
2022,10/1/2021,Mandahl Bay,B,East,2,31.5,LARA,199,LARA,none,1,2,3,0,0,23,0,23,9,1,0,0,0,0,0,1,
2022,10/1/2021,Mandahl Bay,B,North,0,35,LARA,185,LARA,none,1,0,1,0,2,0,116,116,19,2,0,0,0,0,0,4,
2022,10/1/2021,Mandahl Bay,B,South,14,0,,0,,none,0,0,0,0,0,0,10,10,0,0,0,0,0,0,0,0,
2022,10/1/2021,Mandahl Bay,B,West,5,0,,206,LARA,none,1,4,5,0,0,9,117,126,0,4,0,0,0,0,0,4,
2022,10/1/2021,Mandahl Bay,C,East,1.8,0,,160,LARA,none,0,0,0,0,0,14,0,14,0,2,0,0,0,0,0,2,W QUAD: is at upland edge. 1 button wood sapling (4.1 DBH). 11 maho seedlings in S. QUAD
2022,10/1/2021,Mandahl Bay,C,North,0,0,,0,,none,0,0,0,0,0,11,0,11,0,0,0,0,0,0,0,0,W QUAD: is at upland edge. 1 button wood sapling (4.1 DBH). 11 maho seedlings in S. QUAD
2022,10/1/2021,Mandahl Bay,C,South,0,5.4,LARA,0,,none,0,0,0,0,0,5,0,5,2,0,0,0,0,0,0,0,W QUAD: is at upland edge. 1 button wood sapling (4.1 DBH). 11 maho seedlings in S. QUAD
2022,10/1/2021,Mandahl Bay,C,West,0,0,,0,,none,0,0,0,0,0,24,0,24,0,0,0,0,0,0,0,0,W QUAD: is at upland edge. 1 button wood sapling (4.1 DBH). 11 maho seedlings in S. QUAD
2022,4/5/2022,Mary Creek,A,East,0,0,,0,,none,0,0,0,0,0,0,0,0,0,0,0,0,0,0,0,0,
2022,4/5/2022,Mary Creek,A,North,0,0,,0,,none,0,0,0,0,0,0,0,0,0,0,0,0,0,0,0,0,
2022,4/5/2022,Mary Creek,A,South,0,0,,0,,none,0,0,0,0,0,0,0,0,0,0,0,0,0,0,0,0,
2022,4/5/2022,Mary Creek,A,West,0,2.4,LARA,0,,little,0,0,0,0,0,0,0,0,1,0,0,0,0,0,0,0,
2022,4/5/2022,Mary Creek,B,East,0,0,,0,,none,0,0,0,0,0,0,0,0,0,0,0,0,0,0,0,0,
2022,4/5/2022,Mary Creek,B,North,0,0,,0,,none,0,0,0,0,0,0,0,0,0,0,0,0,0,0,0,0,
2022,4/5/2022,Mary Creek,B,South,0,0,,0,,none,0,0,0,0,0,0,0,0,0,0,0,0,0,0,0,0,
2022,4/5/2022,Mary Creek,B,West,0,0,,0,,none,0,0,0,0,0,0,0,0,0,0,0,0,0,0,0,0,
2022,4/5/2022,Mary Creek,C,East,0,0,,0,,moderate,0,0,0,0,0,0,0,0,0,0,0,0,0,0,0,0,
2022,4/5/2022,Mary Creek,C,North,0,0,,0,,moderate,0,0,0,0,0,0,0,0,0,0,0,0,0,0,0,0,
2022,4/5/2022,Mary Creek,C,South,0,0,,0,,little,0,0,0,0,0,0,0,0,0,0,0,0,0,0,0,0,
2022,4/5/2022,Mary Creek,C,West,0,0,,0,,none,0,0,0,0,0,0,0,0,0,0,0,0,0,0,0,0,
2022,9/23/2021,Perseverance Bay,A,East,12.5,0,,0,,none,0,0,0,0,0,2,5,7,0,0,0,0,0,0,0,0,S QUAD: all in dead RHMA roots. E. QUAD: same as S
2022,9/23/2021,Perseverance Bay,A,North,24,0,,0,,none,0,0,0,0,0,5,0,5,0,0,0,0,0,0,0,0,S QUAD: all in dead RHMA roots. E. QUAD: same as S
2022,9/23/2021,Perseverance Bay,A,South,22.1,0,,0,,none,0,0,0,0,0,0,2,2,0,0,0,0,0,0,0,0,S QUAD: all in dead RHMA roots. E. QUAD: same as S
2022,9/23/2021,Perseverance Bay,A,West,24.5,48.4,RHMA,0,,none,7,1,8,0,0,2,3,5,0,0,0,0,0,0,0,0,S QUAD: all in dead RHMA roots. E. QUAD: same as S
2022,9/23/2021,Perseverance Bay,B,East,29,0,,0,,none,0,0,0,0,0,0,0,0,0,0,0,0,0,0,0,0,
2022,9/23/2021,Perseverance Bay,B,North,24,0,,0,,none,0,0,0,0,0,8,11,19,0,0,0,0,0,0,0,0,
2022,9/23/2021,Perseverance Bay,B,South,28.5,0,,0,,none,0,0,0,0,0,0,0,0,0,0,0,0,0,0,0,0,
2022,9/23/2021,Perseverance Bay,B,West,23,31.2,RHMA,0,,none,0,0,0,1,0,0,0,0,0,0,0,0,0,0,0,0,
2022,9/23/2021,Perseverance Bay,C,East,24.7,0,,0,,none,0,1,1,0,0,1,1,2,0,0,0,0,0,0,0,0,
2022,9/23/2021,Perseverance Bay,C,North,29,0,,0,,none,0,0,0,0,0,0,0,0,0,0,0,0,0,0,0,0,
2022,9/23/2021,Perseverance Bay,C,South,28,0,,60,RHMA,none,2,0,2,0,2,0,0,0,0,0,0,0,0,0,0,2,
2022,9/23/2021,Perseverance Bay,C,West,23,30,RHMA,76.5,RHMA,none,1,8,9,1,1,0,0,0,0,0,0,0,0,0,0,1,
2022,10/29/2021,Princess Bay,A,East,10.4,0,,0,,none,0,0,0,0,0,0,0,0,0,0,0,0,0,0,0,0,
2022,10/29/2021,Princess Bay,A,North,10.4,0,,0,,none,0,0,0,0,0,0,0,0,0,0,0,0,0,0,0,0,
2022,10/29/2021,Princess Bay,A,South,13.8,0,,0,,none,0,0,0,0,0,0,0,0,0,0,0,0,0,0,0,0,
2022,10/29/2021,Princess Bay,A,West,16.9,0,,0,,none,0,0,0,0,0,0,0,0,0,0,0,0,0,0,0,0,
2022,10/29/2021,Princess Bay,B,East,1.3,0,,0,,none,0,0,0,0,0,0,0,0,0,0,0,0,0,0,0,0,Avg height of regen 1-1.5. all reds. none in the regen directions. 25-30 saps in radial plot. 
2022,10/29/2021,Princess Bay,B,North,4.2,0,,0,,none,0,0,0,0,0,1,0,1,0,0,0,0,0,0,0,0,Avg height of regen 1-1.5. all reds. none in the regen directions. 25-30 saps in radial plot. 
2022,10/29/2021,Princess Bay,B,South,13.8,0,,0,,none,0,0,0,0,0,1,0,1,0,0,0,0,0,0,0,0,Avg height of regen 1-1.5. all reds. none in the regen directions. 25-30 saps in radial plot. 
2022,10/29/2021,Princess Bay,B,West,11.5,0,,0,,none,0,0,0,0,0,0,0,0,0,0,0,0,0,0,0,0,Avg height of regen 1-1.5. all reds. none in the regen directions. 25-30 saps in radial plot. 
2022,10/29/2021,Princess Bay,C,East,0,22,LARA,212,LARA,none,0,0,0,0,0,0,35,35,2,11,0,0,0,0,0,11,
2022,10/29/2021,Princess Bay,C,North,0,2.7,LARA,178,LARA,none,0,0,0,0,0,1,8,9,1,3,0,0,0,0,0,3,
2022,10/29/2021,Princess Bay,C,South,13.6,0,,94.8,RHMA,none,0,0,0,0,2,0,0,0,0,0,0,0,0,0,0,2,
2022,10/29/2021,Princess Bay,C,West,17.4,0,,108.5,RHMA,none,0,0,0,0,1,0,0,0,0,0,0,0,0,0,0,1,
2022,12/3/2021,Reef Bay,A,East,11,0,,113,LARA,none,0,0,0,0,0,8,13,21,0,1,0,0,0,0,0,1,
2022,12/3/2021,Reef Bay,A,North,14.4,0,,0,,none,0,0,0,0,0,1,0,1,0,0,0,0,0,0,0,0,
2022,12/3/2021,Reef Bay,A,South,8.3,44,LARA,440,LARA,none,0,0,0,0,0,74,79,153,3,13,0,0,0,0,0,13,
2022,12/3/2021,Reef Bay,A,West,8,0,,460,LARA,none,0,0,0,0,0,5,18,23,0,6,0,0,0,0,0,6,
2022,12/3/2021,Reef Bay,B,East,7,0,,150,LARA,none,0,0,0,0,0,2,4,6,0,2,0,0,0,0,0,2,
2022,12/3/2021,Reef Bay,B,North,17,0,,0,,none,0,0,0,0,0,0,0,0,0,0,0,0,0,0,0,0,
2022,12/3/2021,Reef Bay,B,South,9,0,,119,LARA,none,0,0,0,0,0,0,0,0,0,0,1,0,1,0,8,8,
2022,12/3/2021,Reef Bay,B,West,13,0,,175,AVGE,none,0,0,0,0,0,0,0,0,0,0,0,0,0,0,0,0,
2022,12/3/2021,Reef Bay,C,East,12,0,,0,,none,0,0,0,0,0,0,0,0,0,0,0,0,0,0,0,0,
2022,12/3/2021,Reef Bay,C,North,8.9,0,,0,,none,0,0,0,0,0,0,0,0,0,0,0,0,0,0,0,0,
2022,12/3/2021,Reef Bay,C,South,11.1,0,,0,,none,0,0,0,0,0,0,0,0,0,0,0,0,0,0,0,0,
2022,12/3/2021,Reef Bay,C,West,12.4,0,,0,,none,0,0,0,0,0,0,0,0,0,0,0,0,0,0,0,0,
2022,11/18/2021,Salt River,A,East,0,8.6,LARA,0,,little,0,0,0,0,0,121,25,146,3,0,0,0,0,0,0,0,"N QUAD: crab burrows, quad coer (?) sapplings, hermit crabs in plot. W QUAD: crab burrows, marine debris, 15 eaten LARA husk, MAHO (THDO) + COER seedlings. E QUAD: 25 + LARA husks"
2022,11/18/2021,Salt River,A,North,0,0,,0,,none,0,0,0,0,0,1,0,1,0,0,0,0,0,0,0,0,"N QUAD: crab burrows, quad coer (?) sapplings, hermit crabs in plot. W QUAD: crab burrows, marine debris, 15 eaten LARA husk, MAHO (THDO) + COER seedlings. E QUAD: 25 + LARA husks"
2022,11/18/2021,Salt River,A,South,5.8,48,AVGE,318,LARA,none,0,0,0,0,1,3,8,11,38,37,0,0,0,11,2,40,"N QUAD: crab burrows, quad coer (?) sapplings, hermit crabs in plot. W QUAD: crab burrows, marine debris, 15 eaten LARA husk, MAHO (THDO) + COER seedlings. E QUAD: 25 + LARA husks"
2022,11/18/2021,Salt River,A,West,0,0,,0,,little,0,0,0,0,0,1,0,1,0,0,0,0,0,0,0,0,"N QUAD: crab burrows, quad coer (?) sapplings, hermit crabs in plot. W QUAD: crab burrows, marine debris, 15 eaten LARA husk, MAHO (THDO) + COER seedlings. E QUAD: 25 + LARA husks"
2022,11/18/2021,Salt River,B,East,0,0,,0,,none,0,0,0,0,0,6,14,20,0,0,0,0,0,0,0,0,"E QUAD: above sea level, up a berm"
2022,11/18/2021,Salt River,B,North,18.5,23.5,RHMA,0,,none,0,0,0,2,0,0,0,0,0,0,0,0,0,0,0,0,"E QUAD: above sea level, up a berm"
2022,11/18/2021,Salt River,B,South,25,0,,0,,none,0,0,0,0,0,0,0,0,0,0,0,0,0,0,0,0,"E QUAD: above sea level, up a berm"
2022,11/18/2021,Salt River,B,West,137.16,0,,0,,none,0,0,0,0,0,0,0,0,0,0,0,0,0,0,0,0,"E QUAD: above sea level, up a berm"
2022,11/18/2021,Salt River,C,East,0,0,,0,,none,0,0,0,0,0,0,0,0,0,0,0,0,0,0,0,0,"E QUAD: above sea level, up a berm, one maho seed, 1 seedling unknown @ 29 height. N QUAD: 1 maho prop"
2022,11/18/2021,Salt River,C,North,25,0,,55,RHMA,none,0,1,1,0,2,0,1,1,0,0,0,0,0,0,0,2,"E QUAD: above sea level, up a berm, one maho seed, 1 seedling unknown @ 29 height. N QUAD: 1 maho prop"
2022,11/18/2021,Salt River,C,South,6.5,0,,300,RHMA,none,0,0,0,0,2,0,0,0,0,0,0,0,0,0,0,2,"E QUAD: above sea level, up a berm, one maho seed, 1 seedling unknown @ 29 height. N QUAD: 1 maho prop"
2022,11/18/2021,Salt River,C,West,100,0,,0,,none,0,0,0,0,0,0,1,1,0,0,0,0,0,0,0,0,"E QUAD: above sea level, up a berm, one maho seed, 1 seedling unknown @ 29 height. N QUAD: 1 maho prop"
2022,11/16/2021,Southgate,A,East,0,3.44,AVGE,0,,none,0,0,0,0,0,0,0,0,0,0,2,7,9,1,0,0,
2022,11/16/2021,Southgate,A,North,0,0,,55.4,AVGE,none,0,0,0,0,0,0,0,0,0,0,0,0,0,0,1,1,1 metal can just outside plot
2022,11/16/2021,Southgate,A,South,0,0,,0,,none,0,0,0,0,0,0,0,0,0,0,1,0,1,0,0,0,
2022,11/16/2021,Southgate,A,West,0,0,,0,,none,0,0,0,0,0,0,0,0,0,0,2,4,6,0,0,0,
2022,11/16/2021,Southgate,B,East,0,0,,0,,none,0,0,0,0,0,0,2,2,0,0,0,0,0,0,0,0,"S QUAD: AVGE props had heavy predation (insects, crabs). E QUAD: LARA props w/insect predation"
2022,11/16/2021,Southgate,B,North,0,38.3,LARA,235,LARA,none,0,0,0,0,0,0,9,9,6,4,0,0,0,0,0,4,"S QUAD: AVGE props had heavy predation (insects, crabs). E QUAD: LARA props w/insect predation"
2022,11/16/2021,Southgate,B,South,0,4.3,AVGE,0,,none,0,0,0,0,0,0,0,0,0,0,8,6,14,1,0,0,"S QUAD: AVGE props had heavy predation (insects, crabs). E QUAD: LARA props w/insect predation"
2022,11/16/2021,Southgate,B,West,0,8.5,AVGE,0,,none,0,0,0,0,0,0,0,0,0,0,1,22,23,2,0,0,"S QUAD: AVGE props had heavy predation (insects, crabs). E QUAD: LARA props w/insect predation"
2022,11/16/2021,Southgate,C,East,0,20,LARA,108,LARA,none,0,0,0,0,0,0,1,1,1,2,0,0,0,0,0,2,
2022,11/16/2021,Southgate,C,North,0,0,,0,,none,0,0,0,0,0,0,0,0,0,0,0,0,0,0,0,0,
2022,11/16/2021,Southgate,C,South,0,49,LARA,330,LARA,none,0,0,0,0,0,0,0,0,1,14,0,0,0,0,0,14,
2022,11/16/2021,Southgate,C,West,0,42.3,LARA,279,LARA,none,0,0,0,0,0,0,0,0,2,4,0,0,0,0,0,4,
2022,10/19/2021,STEER Basin,A,East,9.5,0,,0,,little,0,0,0,0,0,0,3,3,0,0,1,2,3,0,0,0,
2022,10/19/2021,STEER Basin,A,North,14.9,0,,0,,none,0,0,0,0,0,1,0,1,0,0,1,0,1,0,0,0,
2022,10/19/2021,STEER Basin,A,South,10.2,0,,0,,none,0,0,0,0,0,2,1,3,0,0,1,1,2,0,0,0,
2022,10/19/2021,STEER Basin,A,West,9.8,11.4,AVGE,0,,little,0,0,0,0,0,0,1,1,1,0,2,0,2,1,0,0,
2022,2/22/2022,STEER Basin,B,East,16.2,0,,0,,none,0,0,0,0,0,0,0,0,0,0,0,0,0,0,0,0,in pool of water
2022,2/22/2022,STEER Basin,B,North,1.1,23.9,RHMA,0,,none,0,0,0,1,0,0,0,0,0,0,0,0,0,0,0,0,
2022,2/22/2022,STEER Basin,B,South,0,26.9,LARA,149,LARA,none,1,0,1,0,1,0,0,0,3,3,0,0,0,0,1,5,
2022,2/22/2022,STEER Basin,B,West,0,0,,0,,none,0,0,0,0,0,0,0,0,0,0,0,0,0,0,0,0,in pool of water
2022,2/22/2022,STEER Basin,C,East,0,9.8,AVGE,106.3,RHMA,none,0,0,0,0,5,0,0,0,0,0,0,0,0,1,0,5,
2022,2/22/2022,STEER Basin,C,North,8.9,0,,0,,none,0,0,0,0,0,0,0,0,0,0,0,0,0,0,0,0,
2022,2/22/2022,STEER Basin,C,South,1.3,0,,0,,little,0,0,0,0,0,0,0,0,0,0,0,0,0,0,0,0,
2022,2/22/2022,STEER Basin,C,West,1.5,0,,196.5,RHMA,moderate,0,0,0,0,1,0,0,0,0,0,0,0,0,0,0,1,tallest sapling has flowers and mature props
2022,10/15/2021,STEER Fringe,A,East,9.7,0,,235,RHMA,none,0,0,0,0,4,0,0,0,0,0,0,0,0,0,0,4,
2022,10/15/2021,STEER Fringe,A,North,9.8,0,,0,,none,0,0,0,0,0,0,0,0,0,0,0,0,0,0,0,0,
2022,10/15/2021,STEER Fringe,A,South,7.4,0,,229,RHMA,none,0,0,0,0,5,0,0,0,0,0,0,0,0,0,0,5,
2022,10/15/2021,STEER Fringe,A,West,9.5,0,,245,RHMA,none,0,0,0,0,3,0,0,0,0,0,0,0,0,0,0,3,
2022,10/15/2021,STEER Fringe,B,East,3.8,0,,359.5,RHMA,none,0,0,0,0,15,0,0,0,0,0,0,0,0,0,0,15,
2022,10/15/2021,STEER Fringe,B,North,11.7,0,,161,RHMA,none,0,0,0,0,3,0,0,0,0,0,0,0,0,0,0,3,
2022,10/15/2021,STEER Fringe,B,South,5,0,,285,RHMA,none,1,1,2,0,13,0,5,5,0,0,0,1,1,0,0,13,
2022,10/15/2021,STEER Fringe,B,West,4,0,,400,RHMA,moderate,0,0,0,0,8,0,0,0,0,0,0,0,0,0,0,8,
2022,10/15/2021,STEER Fringe,C,East,9.9,0,,253.5,RHMA,lots,0,0,0,0,3,4,20,24,0,0,0,0,0,0,0,3,
2022,10/15/2021,STEER Fringe,C,North,11.2,0,,0,,none,0,0,0,0,0,1,5,6,0,0,0,0,0,0,0,0,
2022,10/15/2021,STEER Fringe,C,South,36,0,,0,,none,0,0,0,0,0,2,21,23,0,0,0,0,0,0,0,0,
2022,10/15/2021,STEER Fringe,C,West,10.9,0,,0,,none,0,0,0,0,0,5,72,77,0,0,0,0,0,0,0,0,
2022,12/2/2021,Turner Bay,A,East,8,0,,518.16,LARA,none,2,1,3,0,4,0,1,1,0,0,0,0,0,0,0,4,tallest sapling 17 ft
2022,12/2/2021,Turner Bay,A,North,6,47,RHMA,46,LARA,none,0,5,5,1,0,0,0,0,1,1,0,0,0,0,0,1,
2022,12/2/2021,Turner Bay,A,South,13.5,39.5,RHMA,240,RHMA,none,1,3,4,2,1,0,0,0,0,0,0,0,0,0,0,1,
2022,12/2/2021,Turner Bay,A,West,13,0,,0,,none,1,0,1,0,0,2,1,3,0,0,0,0,0,0,0,0,
2022,12/2/2021,Turner Bay,B,East,47.9,0,,0,,none,0,4,4,0,0,0,0,0,0,0,0,0,0,0,0,0,
2022,12/2/2021,Turner Bay,B,North,44,49,RHMA,56,RHMA,none,3,4,7,8,1,0,0,0,0,0,0,0,0,0,0,1,
2022,12/2/2021,Turner Bay,B,South,45.3,40,RHMA,0,,none,2,6,8,3,0,0,0,0,0,0,0,0,0,0,0,0,
2022,12/2/2021,Turner Bay,B,West,28.6,40,RHMA,0,,none,2,11,13,15,0,0,0,0,6,0,0,0,0,0,0,0,
2022,12/2/2021,Turner Bay,C,East,17.7,0,,0,,none,0,0,0,0,0,0,0,0,0,0,0,0,0,0,0,0,
2022,12/2/2021,Turner Bay,C,North,18.5,40.1,,0,,none,1,1,2,0,0,0,0,0,0,0,0,0,0,0,0,0,
2022,12/2/2021,Turner Bay,C,South,4,45.3,RHMA,550,LARA,none,3,3,6,3,2,0,0,0,0,5,0,0,0,0,0,7,
2022,12/2/2021,Turner Bay,C,West,8,57.1,RHMA,0,,lots,2,2,4,6,0,0,0,0,0,0,0,0,0,0,0,0,
2022,9/28/2021,Vessup Bay,A,East,6,31.71,LARA,0,,lots,0,0,0,0,0,0,14,14,0,0,0,0,0,0,0,0,
2022,9/28/2021,Vessup Bay,A,North,7,0,,210,LARA,little,0,0,0,0,0,0,1,1,0,0,0,0,0,0,0,0,
2022,9/28/2021,Vessup Bay,A,South,0,0,,0,,lots,0,0,0,0,0,0,0,0,0,0,0,0,0,0,0,0,
2022,9/28/2021,Vessup Bay,A,West,0,0,,0,,none,0,1,1,0,0,0,5,5,0,0,0,0,0,0,0,0,
2022,9/28/2021,Vessup Bay,B,East,4.8,0,,0,,moderate,0,0,0,0,0,0,2,2,0,0,0,0,0,0,0,0,
2022,9/28/2021,Vessup Bay,B,North,18.1,0,,0,,lots,0,0,0,0,0,0,1,1,0,0,0,0,0,0,0,0,
2022,9/28/2021,Vessup Bay,B,South,5.5,0,,0,,none,0,1,1,0,0,0,12,12,0,0,0,0,0,0,0,0,
2022,9/28/2021,Vessup Bay,B,West,4,0,,0,,lots,0,0,0,0,0,0,0,0,0,0,0,0,0,0,0,0,
2022,9/28/2021,Vessup Bay,C,East,0.8,0,,0,,moderate,0,0,0,0,0,1,3,4,0,0,0,0,0,0,0,0,"N QUAD:1 seed broken, 1 seed, herb. All plot very mucky with little water, all plots have marine debris"
2022,9/28/2021,Vessup Bay,C,North,1.7,0,,0,,lots,0,2,2,0,0,0,0,0,0,0,0,0,0,0,0,0,"N QUAD:1 seed broken, 1 seed, herb. All plot very mucky with little water, all plots have marine debris"
2022,9/28/2021,Vessup Bay,C,South,1.7,0,,0,,moderate,0,0,0,0,0,3,3,6,0,0,0,0,0,0,0,0,"N QUAD:1 seed broken, 1 seed, herb. All plot very mucky with little water, all plots have marine debris"
2022,9/28/2021,Vessup Bay,C,West,2,0,,0,,moderate,0,1,1,0,0,0,0,0,0,0,2,0,2,0,0,0,"N QUAD:1 seed broken, 1 seed, herb. All plot very mucky with little water, all plots have marine debris"
2022,2/25/2022,Water Creek ,A,East,0,6,LARA,0,,little,0,0,0,0,0,0,0,0,10,0,0,0,0,0,0,0,"old datasheet version used accidently; marine debris listed as categories, not percentage "
2022,2/25/2022,Water Creek ,A,North,0,9.3,LARA,0,,little,0,0,0,0,0,0,0,0,1,0,0,0,0,0,0,0,"old datasheet version used accidently; marine debris listed as categories, not percentage "
2022,2/25/2022,Water Creek ,A,South,3,13.8,LARA,203,LARA,none,0,0,0,0,0,0,0,0,13,1,0,0,0,0,0,1,
2022,2/25/2022,Water Creek ,A,West,11.8,24,LARA,0,,little,0,0,0,0,0,0,0,0,4,0,0,0,0,0,0,0,"old datasheet version used accidently; marine debris listed as categories, not percentage "
2022,2/25/2022,Water Creek ,B,East,0,18,LARA,0,,none,0,0,0,0,0,0,0,0,28,0,0,0,0,0,0,0,
2022,2/25/2022,Water Creek ,B,North,2.5,0,,0,,moderate,0,3,3,0,0,0,0,0,0,0,0,0,0,0,0,0,"old datasheet version used accidently; marine debris listed as categories, not percentage "
2022,2/25/2022,Water Creek ,B,South,3,0,,0,,none,0,0,0,0,0,0,0,0,0,0,0,0,0,0,0,0,
2022,2/25/2022,Water Creek ,B,West,2,0,,0,,none,0,0,0,0,0,0,0,0,0,0,0,0,0,0,0,0,
2022,2/25/2022,Water Creek ,C,East,0,0,,0,,none,0,0,0,0,0,0,0,0,0,0,0,0,0,0,0,0,
2022,2/25/2022,Water Creek ,C,North,2.5,11.5,LARA,0,,none,0,0,0,0,0,0,0,0,11,0,0,0,0,0,0,0,
2022,2/25/2022,Water Creek ,C,South,0,10,LARA,0,,little,0,0,0,3,0,0,0,0,0,0,0,0,0,0,0,0,"old datasheet version used accidently; marine debris listed as categories, not percentage "
2022,2/25/2022,Water Creek ,C,West,15.5,0,,0,,little,0,0,0,0,0,0,0,0,0,0,0,0,0,0,0,0,"old datasheet version used accidently; marine debris listed as categories, not percentage "
2023,11/22/2022,Brewers Bay,A,East,17,16,LARA,0,,none,0,0,0,0,0,0,5,5,11,0,0,0,0,0,0,0,
2023,11/22/2022,Brewers Bay,A,North,0,11,LARA,500,LARA,none,0,0,0,0,0,63,178,241,85,1,0,0,0,0,0,1,Herbivory at plot A
2023,11/22/2022,Brewers Bay,A,South,33,0,,0,,none,0,0,0,0,0,0,0,0,0,0,0,0,0,0,0,0,
2023,11/22/2022,Brewers Bay,A,West,12,18,LARA,800,LARA,none,0,0,0,0,0,60,0,60,52,7,0,0,0,0,0,7,
2023,11/22/2022,Brewers Bay,B,East,1,12.5,LARA,0,,none,0,0,0,0,0,1,52,53,3,0,0,0,0,0,0,0,
2023,11/22/2022,Brewers Bay,B,North,2,44.5,LARA,0,,none,0,0,0,1,0,0,4,4,4,0,0,0,0,0,0,0,
2023,11/22/2022,Brewers Bay,B,South,3,6.4,LARA,700,LARA,none,0,0,0,0,0,0,30,30,16,4,0,0,0,0,0,4,
2023,11/22/2022,Brewers Bay,B,West,10,35.4,RHMA,120,LARA,none,0,0,0,1,0,0,0,0,0,1,0,0,0,0,0,1,
2023,11/22/2022,Brewers Bay,C,East,9,0,,0,,none,0,1,1,0,3,0,0,0,0,0,0,0,0,0,0,3,RHMA sapling total adjusted (+1) accordign to sapling datasheet
2023,11/22/2022,Brewers Bay,C,North,30,0,,0,,none,0,0,0,0,0,0,0,0,0,0,0,0,0,0,0,0,
2023,11/22/2022,Brewers Bay,C,South,3.5,0,,159,RHMA,none,0,0,0,0,8,0,12,12,0,0,0,0,0,0,0,8,
2023,11/22/2022,Brewers Bay,C,West,7,43,RHMA,80.5,RHMA,none,0,0,0,1,12,0,0,0,0,0,0,0,0,0,0,12,
2023,2/9/2023,Compass Point,A,East,3,48.5,RHMA,66.3,RHMA,none,6,1,7,49,3,0,0,0,2,0,0,0,0,0,0,3,
2023,2/9/2023,Compass Point,A,North,2,48,RHMA,550,RHMA,none,0,3,3,8,9,0,0,0,0,0,0,0,0,0,0,9,
2023,2/9/2023,Compass Point,A,South,6,47,RHMA,53,RHMA,none,6,4,10,29,4,0,0,0,1,0,0,0,0,0,0,4,
2023,2/9/2023,Compass Point,A,West,3,48,RHMA,202,RHMA,none,5,14,19,16,9,0,0,0,0,0,0,0,0,0,0,9,
2023,2/9/2023,Compass Point,B,East,0,47,RHMA,150,LARA,none,3,0,3,13,0,0,0,0,1,1,0,0,0,0,0,1,
2023,2/9/2023,Compass Point,B,North,0,44.5,RHMA,300,RHMA,none,0,0,0,5,5,0,0,0,0,0,0,0,0,0,0,5,
2023,2/9/2023,Compass Point,B,South,0,50,RHMA,130,RHMA,none,0,6,6,13,3,0,0,0,0,0,0,0,0,0,0,3,
2023,2/9/2023,Compass Point,B,West,4.8,0,,270,RHMA,none,0,0,0,0,4,0,0,0,0,0,0,0,0,0,0,4,
2023,2/9/2023,Compass Point,C,East,0,30,AVGE,165,AVGE,none,0,0,0,0,0,0,0,0,0,0,0,0,0,3,5,5,
2023,2/9/2023,Compass Point,C,North,0,0,,133,AVGE,none,0,0,0,0,0,0,0,0,0,0,0,0,0,0,1,1,
2023,2/9/2023,Compass Point,C,South,0,10,AVGE,105,AVGE,none,0,0,0,0,0,0,0,0,0,0,0,0,0,1,1,1,
2023,2/9/2023,Compass Point,C,West,0,32,AVGE,290,AVGE,none,0,0,0,0,0,0,0,0,0,0,0,0,0,2,1,1,
2023,2/22/2023,Francis Bay,A,East,0,0,,0,,none,0,0,0,0,0,0,0,0,0,0,0,0,0,0,0,0,
2023,2/22/2023,Francis Bay,A,North,0,0,,0,,none,0,0,0,0,0,0,0,0,0,0,0,0,0,0,0,0,
2023,2/22/2023,Francis Bay,A,South,0,0,,0,,none,0,0,0,0,0,0,0,0,0,0,0,0,0,0,0,0,
2023,2/22/2023,Francis Bay,A,West,0,0,,0,,none,0,0,0,0,0,0,0,0,0,0,0,0,0,0,0,0,
2023,2/22/2023,Francis Bay,B,East,0,0,,0,,none,0,0,0,0,0,0,0,0,0,0,0,0,0,0,0,0,
2023,2/22/2023,Francis Bay,B,North,0.5,0,,0,,none,0,0,0,0,0,0,0,0,0,0,0,0,0,0,0,0,
2023,2/22/2023,Francis Bay,B,South,0,0,,0,,none,0,0,0,0,0,0,0,0,0,0,0,0,0,0,0,0,
2023,2/22/2023,Francis Bay,B,West,0,0,,0,,none,0,0,0,0,0,0,0,0,0,0,0,0,0,0,0,0,
2023,2/22/2023,Francis Bay,C,East,0,0,,210,LARA,none,0,0,0,0,0,0,0,0,0,1,0,0,0,0,0,1,
2023,2/22/2023,Francis Bay,C,North,0,44,LARA,0,,none,0,0,0,1,0,0,0,0,0,0,0,0,0,0,0,0,
2023,2/22/2023,Francis Bay,C,South,0,0,,400,LARA,none,0,0,0,0,0,0,0,0,0,1,0,0,0,0,0,1,
2023,2/22/2023,Francis Bay,C,West,3,0,,0,,none,0,0,0,0,0,0,0,0,0,0,0,0,0,0,0,0,
2023,2/16/2023,Great Pond,A,East,0,30.2,,0,,little,0,0,0,0,0,0,0,0,0,0,0,1,1,0,0,0,styrofoam
2023,2/16/2023,Great Pond,A,North,4,0,,0,,little,0,0,0,0,1,0,0,0,0,0,0,0,0,0,0,1,a plastic bottle
2023,2/16/2023,Great Pond,A,South,0,0,,0,,none,0,0,0,0,0,0,0,0,0,0,0,0,0,0,0,0,
2023,2/16/2023,Great Pond,A,West,0,0,,0,,none,0,0,0,0,0,0,0,0,0,0,0,0,0,0,0,0,
2023,2/16/2023,Great Pond,B,East,5.5,0,,0,,none,0,0,0,0,0,0,0,0,0,0,0,0,0,0,0,0,
2023,2/16/2023,Great Pond,B,North,6.8,0,,0,,none,0,0,0,0,0,0,0,0,0,0,0,0,0,0,0,0,
2023,2/16/2023,Great Pond,B,South,5.7,0,,0,,little,0,0,0,0,0,0,0,0,0,0,0,0,0,0,0,0,
2023,2/16/2023,Great Pond,B,West,7.3,0,,0,,none,0,0,0,0,0,0,0,0,0,0,0,0,0,0,0,0,
2023,2/16/2023,Great Pond,C,East,0.7,0,,0,,none,0,0,0,0,0,0,0,0,0,0,0,0,0,0,0,0,
2023,2/16/2023,Great Pond,C,North,1,0,,0,,none,0,0,0,0,0,0,0,0,0,0,0,0,0,0,0,0,
2023,2/16/2023,Great Pond,C,South,0.5,0,,0,,none,0,0,0,0,0,0,0,0,0,0,0,0,0,0,0,0,
2023,2/16/2023,Great Pond,C,West,2,0,,0,,none,0,0,0,0,0,0,0,0,0,0,0,0,0,0,0,0,
2023,2/16/2023,Krause Lagoon,A,East,0,41.3,RHMA,400,RHMA,moderate,0,0,0,1,3,0,0,0,0,0,0,0,0,0,0,3,
2023,2/16/2023,Krause Lagoon,A,North,0,42,RHMA,6,RHMA,lots,2,25,27,12,6,0,0,0,0,0,0,0,0,0,0,6,
2023,2/16/2023,Krause Lagoon,A,South,0,46.8,RHMA,475,RHMA,little,0,0,0,13,4,0,0,0,0,0,0,0,0,0,0,4,
2023,2/16/2023,Krause Lagoon,A,West,0,27.6,RHMA,420,RHMA,moderate,4,3,7,4,6,0,0,0,0,0,0,0,0,0,0,6,
2023,2/16/2023,Krause Lagoon,B,East,10.4,0,,54.3,,none,0,0,0,0,1,0,0,0,0,0,0,0,0,0,0,1,
2023,2/16/2023,Krause Lagoon,B,North,9,0,,0,,none,0,0,0,0,0,0,0,0,0,0,0,0,0,0,0,0,
2023,2/16/2023,Krause Lagoon,B,South,14,0,,24.3,RHMA,none,0,0,0,0,1,0,0,0,0,0,0,0,0,0,0,1,
2023,2/16/2023,Krause Lagoon,B,West,18.2,0,,0,RHMA,none,0,0,0,0,0,0,0,0,0,0,0,0,0,0,0,0,
2023,2/16/2023,Krause Lagoon,C,East,10,0,,0,,none,0,0,0,0,0,0,0,0,0,0,0,0,0,0,0,0,
2023,2/16/2023,Krause Lagoon,C,North,13,0,,0,,little,0,0,0,0,0,0,0,0,0,0,0,0,0,0,0,0,
2023,2/16/2023,Krause Lagoon,C,South,17,0,,0,,none,0,0,0,0,0,0,0,0,0,0,0,0,0,0,0,0,
2023,2/16/2023,Krause Lagoon,C,West,44,0,,0,,none,0,0,0,0,0,0,0,0,0,0,0,0,0,0,0,0,
2023,2/21/2023,Lameshur Bay,A,East,5.5,6,AVGE,0,,none,0,0,0,0,0,0,0,0,0,0,0,0,0,1,0,0,
2023,2/21/2023,Lameshur Bay,A,North,7,9,AVGE,0,,none,0,0,0,0,0,0,0,0,0,0,0,0,0,4,0,0,
2023,2/21/2023,Lameshur Bay,A,South,5,13.5,AVGE,0,,none,0,0,0,0,0,0,0,0,0,0,0,0,0,1,0,0,
2023,2/21/2023,Lameshur Bay,A,West,6.4,0,,345,AVGE,none,0,0,0,0,0,0,0,0,0,0,0,0,0,0,5,5,
2023,2/21/2023,Lameshur Bay,B,East,5,0,,0,,none,0,0,0,0,0,0,0,0,0,0,0,0,0,0,0,0,
2023,2/21/2023,Lameshur Bay,B,North,0,28,LARA,50,AVGE,none,0,0,0,0,0,0,0,0,6,0,0,0,0,0,1,1,
2023,2/21/2023,Lameshur Bay,B,South,5.8,0,,0,,none,0,0,0,0,0,0,0,0,0,0,0,0,0,0,0,0,
2023,2/21/2023,Lameshur Bay,B,West,8.1,0,,0,,none,0,0,0,0,0,0,0,0,0,0,0,0,0,0,0,0,
2023,2/21/2023,Lameshur Bay,C,East,1.5,47.8,RHMA,0,,none,24,26,50,95,1,0,0,0,0,0,0,0,0,0,0,1,
2023,2/21/2023,Lameshur Bay,C,North,4,38.5,RHMA,0,,none,3,1,4,4,0,0,0,0,0,0,0,0,0,0,0,0,
2023,2/21/2023,Lameshur Bay,C,South,0,39,RHMA,0,,none,3,0,3,21,3,0,0,0,0,0,0,0,0,1,0,3,
2023,2/21/2023,Lameshur Bay,C,West,0.4,39.2,RHMA,0,,none,7,3,10,34,0,0,0,0,0,0,0,0,0,2,0,0,
2023,11/11/2022,Magens Bay,A,East,,0,,0,,none,0,0,0,0,0,0,0,0,0,0,0,0,0,0,0,0,
2023,11/11/2022,Magens Bay,A,North,,0,,355,RHMA,none,0,0,0,0,4,0,0,0,0,0,0,0,0,0,0,4,
2023,11/11/2022,Magens Bay,A,South,,0,,302,RHMA,none,0,0,0,0,3,0,0,0,0,0,0,0,0,0,0,3,
2023,11/11/2022,Magens Bay,A,West,,0,,280,RHMA,none,0,0,0,0,1,0,0,0,0,0,0,0,0,0,0,1,
2023,11/11/2022,Magens Bay,B,East,,0,,0,,none,0,0,0,0,0,2,0,2,0,0,0,0,0,0,0,0,
2023,11/11/2022,Magens Bay,B,North,,0,,0,,none,1,0,1,0,0,0,0,0,0,0,0,0,0,0,0,0,
2023,11/11/2022,Magens Bay,B,South,,0,,330,,none,0,0,0,0,2,50,0,50,0,0,0,0,0,0,0,2,
2023,11/11/2022,Magens Bay,B,West,,0,,0,,none,0,0,0,0,0,5,0,5,0,0,0,0,0,0,0,0,
2023,11/11/2022,Magens Bay,C,East,,0,,380,RHMA,none,0,0,0,0,5,0,0,0,0,0,0,0,0,0,0,5,
2023,11/11/2022,Magens Bay,C,North,,0,,415,RHMA,none,0,0,0,0,6,0,0,0,0,0,0,0,0,0,0,6,
2023,11/11/2022,Magens Bay,C,South,,0,,230,RHMA,none,0,0,0,0,1,0,0,0,0,0,0,0,0,0,0,1,
2023,11/11/2022,Magens Bay,C,West,,0,,470,RHMA,none,0,0,0,0,3,0,0,0,0,0,0,0,0,0,0,3,
2023,11/21/2022,Mandahl Bay,A,East,7.1,7.1,LARA,236,LARA,none,0,0,0,0,0,15,0,15,11,1,0,0,0,0,0,1,
2023,11/21/2022,Mandahl Bay,A,North,1.5,7,LARA,109,LARA,none,0,1,1,0,0,13,0,13,35,4,0,0,0,0,0,4,
2023,11/21/2022,Mandahl Bay,A,South,20.1,10.9,LARA,0,,none,0,0,0,0,0,1,1,2,9,0,0,0,0,0,0,0,
2023,11/21/2022,Mandahl Bay,A,West,2.9,9,LARA,287,LARA,none,0,0,0,0,0,0,0,0,1,10,0,0,0,0,0,10,
2023,11/21/2022,Mandahl Bay,B,East,0,22.9,LARA,0,,little,1,0,1,1,0,0,0,0,41,0,0,0,0,0,0,0,
2023,11/21/2022,Mandahl Bay,B,North,0,32.1,RHMA,325,LARA,none,2,1,3,2,0,552,480,1032,854,3,0,0,0,0,0,3,
2023,11/21/2022,Mandahl Bay,B,South,20.1,6.8,LARA,0,,none,0,0,0,0,0,29,8,37,46,0,0,0,0,0,0,0,
2023,11/21/2022,Mandahl Bay,B,West,0,8.5,LARA,102,LARA,little,5,2,7,0,1,298,67,365,1627,0,0,0,0,0,0,1,
2023,11/21/2022,Mandahl Bay,C,East,6.1,43,LARA,169,LARA,none,0,0,0,0,0,0,0,0,15,5,0,0,0,0,0,5,LARA sapling total adjusted (+5) according to sapling height datasheet
2023,11/21/2022,Mandahl Bay,C,North,10.1,8.5,LARA,0,,none,0,0,0,0,0,43,0,43,18,0,0,0,0,0,0,0,
2023,11/21/2022,Mandahl Bay,C,South,0,9.2,LARA,215,LARA,none,0,0,0,0,0,6,3,9,259,1,0,0,0,0,0,1,
2023,11/21/2022,Mandahl Bay,C,West,0,10,LARA,0,,none,0,0,0,0,0,6,0,6,37,0,0,0,0,0,0,0,
2023,2/22/2023,Mary Creek,A,East,0,0,,0,,little,0,0,0,0,0,0,0,0,0,0,0,0,0,0,0,0,
2023,2/22/2023,Mary Creek,A,North,0,0,,0,,none,0,0,0,0,0,0,0,0,0,0,0,0,0,0,0,0,
2023,2/22/2023,Mary Creek,A,South,0,0,,0,,moderate,0,0,0,0,0,0,0,0,0,0,0,0,0,0,0,0,1 dead RHMA prop
2023,2/22/2023,Mary Creek,A,West,0,0,,0,,none,0,0,0,0,0,0,0,0,0,0,0,0,0,0,0,0,
2023,2/22/2023,Mary Creek,B,East,0,0,,0,,none,0,0,0,0,0,0,0,0,0,0,0,0,0,0,0,0,
2023,2/22/2023,Mary Creek,B,North,4.6,0,,0,,none,0,0,0,0,0,0,0,0,0,0,0,0,0,0,0,0,
2023,2/22/2023,Mary Creek,B,South,0,0,,0,,none,0,0,0,0,0,0,0,0,0,0,0,0,0,0,0,0,
2023,2/22/2023,Mary Creek,B,West,0,0,,0,,little,0,0,0,0,0,0,0,0,0,0,0,0,0,0,0,0,
2023,2/22/2023,Mary Creek,C,East,0,0,,0,,little,0,0,0,0,0,0,0,0,0,0,0,0,0,0,0,0,
2023,2/22/2023,Mary Creek,C,North,0,0,,0,,none,0,0,0,0,0,0,0,0,0,0,0,0,0,0,0,0,
2023,2/22/2023,Mary Creek,C,South,0,8.1,LARA,0,,little,0,0,0,0,0,0,0,0,25,0,0,0,0,0,0,0,
2023,2/22/2023,Mary Creek,C,West,0,10,LARA,0,,little,0,0,0,0,0,0,0,0,151,0,0,0,0,0,0,0,
2023,11/23/2022,Perseverance Bay,A,East,49,0,,97.3,LARA,none,0,0,0,0,0,0,2,2,0,4,0,0,0,0,0,4,
2023,11/23/2022,Perseverance Bay,A,North,55.5,0,,0,,none,0,0,0,0,0,0,1,1,0,0,0,0,0,0,0,0,
2023,11/23/2022,Perseverance Bay,A,South,41,0,,0,,none,0,0,0,0,0,0,0,0,0,0,0,0,0,0,0,0,
2023,11/23/2022,Perseverance Bay,A,West,55,0,,76.9,RHMA,none,0,2,2,0,3,0,1,1,0,0,0,0,0,0,0,3,
2023,11/23/2022,Perseverance Bay,B,East,60.5,0,,0,,none,1,0,1,0,0,0,0,0,0,0,0,0,0,0,0,0,
2023,11/23/2022,Perseverance Bay,B,North,56,0,,0,,none,0,0,0,0,0,0,0,0,0,0,0,0,0,0,0,0,
2023,11/23/2022,Perseverance Bay,B,South,52,0,,0,,none,0,0,0,0,0,0,0,0,0,0,0,0,0,0,0,0,
2023,11/23/2022,Perseverance Bay,B,West,57.5,0,,62.5,RHMA,none,0,0,0,0,1,0,0,0,0,0,0,0,0,0,0,1,
2023,11/23/2022,Perseverance Bay,C,East,57.1,0,,102.9,RHMA,none,0,0,0,0,3,0,0,0,0,0,0,0,0,0,0,3,
2023,11/23/2022,Perseverance Bay,C,North,58,0,,99,RHMA,none,1,0,1,0,5,0,1,1,0,0,0,0,0,0,0,5,
2023,11/23/2022,Perseverance Bay,C,South,51,0,,161,RHMA,none,2,1,3,0,7,0,0,0,0,0,0,0,0,0,0,7,
2023,11/23/2022,Perseverance Bay,C,West,55,49,RHMA,82,RHMA,none,0,2,2,1,9,0,0,0,0,0,0,0,0,0,0,9,
2023,2/21/2023,Princess Bay,A,East,3,0,,0,,none,0,0,0,0,0,0,0,0,0,0,0,0,0,0,0,0,
2023,2/21/2023,Princess Bay,A,North,5,0,,0,,none,0,0,0,0,0,0,0,0,0,0,0,0,0,0,0,0,
2023,2/21/2023,Princess Bay,A,South,2,0,,0,,none,0,0,0,0,0,0,0,0,0,0,0,0,0,0,0,0,
2023,2/21/2023,Princess Bay,A,West,15,0,,0,,none,0,0,0,0,0,0,0,0,0,0,0,0,0,0,0,0,
2023,2/21/2023,Princess Bay,B,East,0,45,RHMA,136,RHMA,none,0,0,0,1,1,0,0,0,1,0,0,0,0,0,0,1,
2023,2/21/2023,Princess Bay,B,North,0,0,,0,,none,0,0,0,0,0,0,0,0,0,0,0,0,0,0,0,0,
2023,2/21/2023,Princess Bay,B,South,6,0,,0,,little,0,0,0,0,0,0,0,0,0,0,0,0,0,0,0,0,
2023,2/21/2023,Princess Bay,B,West,7.4,0,,0,,none,0,0,0,0,0,0,0,0,0,0,0,0,0,0,0,0,
2023,2/21/2023,Princess Bay,C,East,0,21.5,LARA,0,,none,0,0,0,2,1,0,0,0,0,0,0,0,0,0,0,1,RHMA sapling total adjusted according to sapling field sheet
2023,2/21/2023,Princess Bay,C,North,0,0,,200,LARA,none,0,0,0,0,0,0,0,0,0,2,0,0,0,0,0,2,
2023,2/21/2023,Princess Bay,C,South,2.5,0,,177,RHMA,none,0,0,0,0,2,0,0,0,0,0,0,0,0,0,0,2,
2023,2/21/2023,Princess Bay,C,West,2.6,8.5,,143.8,RHMA,none,0,0,0,0,2,0,0,0,1,0,0,0,0,0,0,2,
2023,2/23/2023,Reef Bay,A,East,5,0,,0,,none,0,0,0,0,0,0,0,0,0,0,0,0,0,0,0,0,
2023,2/23/2023,Reef Bay,A,North,10,0,,0,,none,0,0,0,0,0,0,0,0,0,0,0,0,0,0,0,0,
2023,2/23/2023,Reef Bay,A,South,0,20.5,LARA,0,,none,0,0,0,0,0,0,0,0,4,0,0,0,0,0,0,0,
2023,2/23/2023,Reef Bay,A,West,5,0,,0,,none,0,0,0,0,0,0,0,0,0,0,0,0,0,0,0,0,
2023,2/23/2023,Reef Bay,B,East,4.5,42,LARA,285,LARA,none,0,0,0,5,0,0,0,0,2,7,0,0,0,0,0,7,
2023,2/23/2023,Reef Bay,B,North,12.6,0,,0,,none,0,0,0,0,0,0,0,0,0,0,0,0,0,0,0,0,
2023,2/23/2023,Reef Bay,B,South,7,0,,0,,none,0,0,0,0,0,0,0,0,0,0,0,0,0,0,0,0,
2023,2/23/2023,Reef Bay,B,West,12.5,0,,105,AVGE,none,0,0,0,0,0,0,0,0,0,0,0,0,0,0,1,1,
2023,2/23/2023,Reef Bay,C,East,7.8,0,,0,,none,0,0,0,0,0,0,0,0,0,0,0,0,0,0,0,0,
2023,2/23/2023,Reef Bay,C,North,8,0,,0,,none,0,0,0,0,0,0,0,0,0,0,0,0,0,0,0,0,
2023,2/23/2023,Reef Bay,C,South,6.5,0,,178,AVGE,none,0,0,0,0,0,0,0,0,0,0,0,0,0,0,8,8,
2023,2/23/2023,Reef Bay,C,West,8,0,,0,,none,0,0,0,0,0,0,0,0,0,0,0,0,0,0,0,0,
2023,2/15/2023,Salt River,A,East,0,38.6,LARA,317,LARA,none,0,0,0,0,0,0,0,0,81,7,0,0,0,0,0,7,
2023,2/15/2023,Salt River,A,North,0,0,,0,,none,0,0,0,0,0,0,0,0,0,0,0,0,0,0,0,0,
2023,2/15/2023,Salt River,A,South,0,16.7,LARA,0,LARA,none,0,0,0,0,0,0,0,0,61,0,0,0,0,0,0,0,
2023,2/15/2023,Salt River,A,West,0,0,,0,,none,0,0,0,0,0,0,0,0,0,0,0,0,0,0,0,0,
2023,2/15/2023,Salt River,B,East,0,0,,0,,none,0,0,0,0,0,0,0,0,0,0,0,0,0,0,0,0,
2023,2/15/2023,Salt River,B,North,10.8,0,,0,,none,0,0,0,0,0,0,0,0,0,0,0,0,0,0,0,0,
2023,2/15/2023,Salt River,B,South,0,0,,0,,none,0,0,0,0,0,0,0,0,0,0,0,0,0,0,0,0,
2023,2/15/2023,Salt River,B,West,100,0,,0,,none,0,0,0,0,0,0,0,0,0,0,0,0,0,0,0,0,
2023,2/15/2023,Salt River,C,East,0,0,,0,,none,0,0,0,0,0,0,0,0,0,0,0,0,0,0,0,0,
2023,2/15/2023,Salt River,C,North,4,0,,84,RHMA,none,0,0,0,1,0,0,0,0,0,0,0,0,0,0,0,0,RHMA sapling totals adjusted according to sapling datasheet (-2)
2023,2/15/2023,Salt River,C,South,0,0,,0,,none,0,0,0,0,0,0,0,0,0,0,0,0,0,0,0,0,
2023,2/15/2023,Salt River,C,West,0,0,,0,,none,0,0,0,0,0,0,0,0,0,0,0,0,0,0,0,0,
2023,2/17/2023,Southgate,A,East,0,0,,0,,none,0,0,0,0,0,0,0,0,0,0,0,0,0,0,0,0,
2023,2/17/2023,Southgate,A,North,0,0,,0,,none,0,0,0,0,0,0,0,0,0,0,0,0,0,0,0,0,
2023,2/17/2023,Southgate,A,South,0,0,,0,,none,0,0,0,0,0,0,0,0,0,0,0,0,0,0,0,0,
2023,2/17/2023,Southgate,A,West,0,0,,0,,none,0,0,0,0,0,0,0,0,0,0,0,0,0,0,0,0,
2023,2/17/2023,Southgate,B,East,0,0,,0,,none,0,0,0,0,0,0,0,0,0,0,0,0,0,0,0,0,
2023,2/17/2023,Southgate,B,North,0,0,,0,,none,0,0,0,0,0,0,0,0,0,0,0,0,0,0,0,0,
2023,2/17/2023,Southgate,B,South,0,0,,0,,none,0,0,0,0,0,0,0,0,0,0,0,0,0,0,0,0,
2023,2/17/2023,Southgate,B,West,0,0,,0,,none,0,0,0,0,0,0,0,0,11,0,0,0,0,0,0,0,
2023,2/17/2023,Southgate,C,East,0,11.3,LARA,118,LARA,none,0,0,0,0,0,0,0,0,3,1,0,0,0,0,0,1,
2023,2/17/2023,Southgate,C,North,0,10.6,LARA,0,,none,0,0,0,0,0,0,0,0,151,0,0,0,0,0,0,0,
2023,2/17/2023,Southgate,C,South,0,0,,375,LARA,none,0,0,0,0,0,0,0,0,0,4,0,0,0,0,0,4,
2023,2/17/2023,Southgate,C,West,0,0,,0,,none,0,0,0,0,0,0,0,0,0,0,0,0,0,0,0,0,
2023,1/12/2023,STEER Basin,A,East,17.7,0,,0,,none,0,0,0,0,0,0,0,0,0,0,0,0,0,0,0,0,
2023,1/12/2023,STEER Basin,A,North,12,0,,0,,none,0,0,0,0,0,0,0,0,0,0,0,0,0,0,0,0,
2023,1/12/2023,STEER Basin,A,South,6.9,0,,0,,none,0,0,0,0,0,0,0,0,0,0,0,0,0,0,0,0,
2023,1/12/2023,STEER Basin,A,West,6.7,0,,0,,none,0,0,0,0,0,0,0,0,0,0,0,0,0,0,0,0,
2023,1/12/2023,STEER Basin,B,East,4.6,0,,175.2,RHMA,none,0,0,0,0,2,0,0,0,0,0,0,0,0,0,0,2,
2023,1/12/2023,STEER Basin,B,North,4.6,33.5,RHMA,0,,none,0,0,0,2,0,0,0,0,0,0,0,0,0,0,0,0,
2023,1/12/2023,STEER Basin,B,South,2.9,35.9,RHMA,203,RHMA,none,0,0,0,1,3,0,0,0,0,6,0,0,0,2,0,9,LARA sapling total adjusted based on sapling field sheet (-2)
2023,1/12/2023,STEER Basin,B,West,6.2,38.2,RHMA,137,RHMA,little,0,0,0,1,3,0,0,0,1,0,0,0,0,0,0,3,
2023,1/12/2023,STEER Basin,C,East,6.2,,LARA,175,RHMA,none,0,0,0,0,4,0,0,0,2,0,0,0,0,0,0,4,
2023,1/12/2023,STEER Basin,C,North,4.2,0,,99,RHMA,none,0,0,0,0,2,0,0,0,0,0,0,0,0,0,0,2,
2023,1/12/2023,STEER Basin,C,South,9,11.1,LARA,0,,little,0,0,0,0,0,4,0,4,6,0,0,0,0,0,0,0,
2023,1/12/2023,STEER Basin,C,West,2.7,31.5,RHMA,244,RHMA,none,0,0,0,4,2,4,0,4,8,2,0,0,0,2,0,4,
2023,1/12/2023,STEER Fringe,A,East,8.7,0,,187,RHMA,none,0,0,0,0,2,0,0,0,0,0,0,0,0,0,0,2,
2023,1/12/2023,STEER Fringe,A,North,9.2,0,,149.5,RHMA,none,0,0,0,0,2,0,0,0,0,0,0,0,0,0,0,2,
2023,1/12/2023,STEER Fringe,A,South,12,0,,0,,none,0,0,0,0,0,0,0,0,0,0,0,0,0,0,0,0,
2023,1/12/2023,STEER Fringe,A,West,16.1,0,,0,,none,0,0,0,0,0,0,0,0,0,0,0,0,0,0,0,0,
2023,1/12/2023,STEER Fringe,B,East,5.7,0,,0,,none,0,0,0,0,0,0,0,0,0,0,0,0,0,0,0,0,
2023,1/12/2023,STEER Fringe,B,North,3,0,,400,RHMA,none,1,5,6,0,8,0,0,0,0,0,0,0,0,0,0,8,
2023,1/12/2023,STEER Fringe,B,South,3.2,0,,450,RHMA,none,0,1,1,0,11,0,0,0,0,0,0,0,0,0,0,11,
2023,1/12/2023,STEER Fringe,B,West,3.5,29.5,RHMA,400,RHMA,none,3,0,3,2,9,0,0,0,0,0,0,0,0,0,0,9,
2023,1/12/2023,STEER Fringe,C,East,2.9,24.5,LARA,330,RHMA,none,0,0,0,0,2,0,0,0,13,0,0,0,0,0,0,2,
2023,1/12/2023,STEER Fringe,C,North,7,0,,0,,none,0,0,0,0,0,0,0,0,0,0,0,0,0,0,0,0,
2023,1/12/2023,STEER Fringe,C,South,7.8,0,,0,,none,0,0,0,0,0,0,0,0,0,0,0,0,0,0,0,0,
2023,1/12/2023,STEER Fringe,C,West,7.3,0,,0,,none,0,0,0,0,0,0,0,0,0,0,0,0,0,0,0,0,
2023,2/22/2023,Turner Bay,A,East,0,42.3,RHMA,400,RHMA,none,2,1,3,4,0,0,0,0,0,2,0,0,0,0,0,2,2 dead LARA
2023,2/22/2023,Turner Bay,A,North,0,0,,600,RHMA,none,0,0,0,0,1,0,0,0,0,0,0,0,0,0,0,1,
2023,2/22/2023,Turner Bay,A,South,1,49,RHMA,63.5,RHMA,none,5,0,5,52,3,0,0,0,0,0,0,0,0,0,0,3,
2023,2/22/2023,Turner Bay,A,West,0,43,RHMA,0,,none,4,0,4,7,0,0,0,0,0,0,0,0,0,0,0,0,
2023,2/22/2023,Turner Bay,B,East,15,0,,0,,none,0,0,0,0,0,0,0,0,0,0,0,0,0,0,0,0,
2023,2/22/2023,Turner Bay,B,North,23,41.8,RHMA,0,,none,0,1,1,2,0,0,0,0,0,0,0,0,0,0,0,0,
2023,2/22/2023,Turner Bay,B,South,8,39,RHMA,0,,none,0,0,0,4,1,0,0,0,0,0,0,0,0,0,0,1,
2023,2/22/2023,Turner Bay,B,West,5,47.6,RHMA,0,,none,3,2,5,29,0,0,0,0,0,0,0,0,0,0,0,0,
2023,2/22/2023,Turner Bay,C,East,13.5,45.4,RHMA,0,,none,0,0,0,1,0,0,0,0,0,0,0,0,0,0,0,0,
2023,2/22/2023,Turner Bay,C,North,15,40.5,RHMA,53.6,RHMA,none,0,0,0,2,2,0,0,0,0,0,0,0,0,0,0,2,
2023,2/22/2023,Turner Bay,C,South,9,38.3,RHMA,0,,none,0,0,0,3,0,0,0,0,0,0,0,0,0,0,0,0,
2023,2/22/2023,Turner Bay,C,West,8,42,RHMA,52,RHMA,none,0,0,0,18,2,0,0,0,0,0,0,0,0,0,0,2,
2023,11/21/2022,Vessup Bay,A,East,0,14.1,LARA,126,LARA,little,0,0,0,0,0,0,2,2,4,1,0,0,0,0,0,1,
2023,11/21/2022,Vessup Bay,A,North,18,13.2,LARA,0,,little,0,0,0,0,0,0,0,0,1,0,0,0,0,0,0,0,
2023,11/21/2022,Vessup Bay,A,South,0,11.9,LARA,0,,moderate,1,1,2,0,0,2,2,4,20,0,0,0,0,0,0,0,
2023,11/21/2022,Vessup Bay,A,West,4.7,0,,0,,none,0,0,0,0,0,0,0,0,0,0,0,0,0,0,0,0,
2023,11/21/2022,Vessup Bay,B,East,11.5,0,,0,,none,0,0,0,0,0,0,0,0,0,0,0,0,0,0,0,0,
2023,11/21/2022,Vessup Bay,B,North,17,0,,0,,moderate,0,0,0,0,0,0,0,0,0,0,0,0,0,0,0,0,
2023,11/21/2022,Vessup Bay,B,South,0,0,,0,,little,0,0,0,0,0,0,13,13,0,0,0,0,0,0,0,0,
2023,11/21/2022,Vessup Bay,B,West,1.5,0,,0,,none,0,0,0,0,0,0,2,2,0,0,0,0,0,0,0,0,
2023,11/21/2022,Vessup Bay,C,East,4.5,0,,0,,none,0,0,0,0,0,0,0,0,0,0,0,0,0,0,0,0,
2023,11/21/2022,Vessup Bay,C,North,10,0,,0,,moderate,0,1,1,0,0,0,0,0,0,0,0,0,0,0,0,0,
2023,11/21/2022,Vessup Bay,C,South,0,0,,0,,little,0,0,0,0,0,0,0,0,0,0,0,0,0,0,0,0,
2023,11/21/2022,Vessup Bay,C,West,5,0,,0,,moderate,0,0,0,0,0,0,0,0,0,0,0,0,0,0,0,0,
2023,1/23/2023,Water Creek ,A,East,0,8,LARA,0,,none,0,0,0,0,0,0,0,0,21,0,0,0,0,0,0,0,
2023,1/23/2023,Water Creek ,A,North,0,28.9,LARA,0,,none,0,0,0,0,0,0,0,0,5,0,0,0,0,0,0,0,
2023,1/23/2023,Water Creek ,A,South,7,0,,0,,none,0,0,0,0,0,0,0,0,0,0,0,0,0,0,0,0,
2023,1/23/2023,Water Creek ,A,West,18,0,,0,,none,0,0,0,0,0,0,0,0,0,0,0,0,0,0,0,0,
2023,1/23/2023,Water Creek ,B,East,0,25,LARA,0,,none,0,0,0,0,0,0,0,0,44,0,0,0,0,0,0,0,
2023,1/23/2023,Water Creek ,B,North,0,22.3,LARA,0,,little,0,0,0,0,0,0,0,0,30,0,0,0,0,0,0,0,
2023,1/23/2023,Water Creek ,B,South,4.4,0,,0,,none,0,0,0,0,0,0,0,0,0,0,0,0,0,0,0,0,
2023,1/23/2023,Water Creek ,B,West,8,0,,0,,none,0,0,0,0,0,0,0,0,0,0,0,0,0,0,0,0,
2023,1/23/2023,Water Creek ,C,East,0,6.9,LARA,0,,little,0,0,0,0,0,0,0,0,3,0,0,0,0,0,0,0,
2023,1/23/2023,Water Creek ,C,North,14,12,LARA,0,,none,0,0,0,0,0,0,0,0,4,0,0,0,0,0,0,0,
2023,1/23/2023,Water Creek ,C,South,7,0,,0,,none,0,0,0,0,0,0,0,0,3,9,0,0,0,0,0,9,"2 dead lara saplings (97cm height, 2.06 DBH; 170cm height, 1.56 DBH)"
2023,1/23/2023,Water Creek ,C,West,31.2,0,,0,,none,0,0,0,0,0,0,0,0,0,0,0,0,0,0,0,0,
2024,6/5/2024,Brewers Bay,A,East,2.5,0,,0,,little,0,0,0,0,0,0,0,0,0,0,0,0,0,0,0,0,
2024,6/5/2024,Brewers Bay,A,North,0,32.6,LARA,0,,none,0,0,0,0,0,0,0,0,1,0,0,0,0,0,0,0,
2024,6/5/2024,Brewers Bay,A,South,19.2,0,,0,,little,0,0,0,0,0,0,0,0,0,0,0,0,0,0,0,0,
2024,6/5/2024,Brewers Bay,A,West,0,0,,75.5,LARA,moderate,0,0,0,0,0,0,0,0,0,4,0,0,0,0,0,4,
2024,6/10/2024,Brewers Bay,B,East,1,0,,0,,none,0,0,0,0,0,0,5,5,0,0,0,0,0,0,0,0,
2024,6/10/2024,Brewers Bay,B,North,0.5,0,,0,,none,0,0,0,0,0,0,1,1,0,0,0,0,0,0,0,0,
2024,6/10/2024,Brewers Bay,B,South,0,15.6,LARA,285,LARA,none,0,0,0,0,0,0,0,0,4,2,0,0,0,0,0,2,
2024,6/10/2024,Brewers Bay,B,West,1.5,0,,0,,none,0,0,0,0,0,0,3,3,0,0,0,0,0,0,0,0,
2024,6/17/2024,Brewers Bay,C,East,9,0,,71,RHMA,none,0,0,0,1,2,0,0,0,0,0,0,0,0,0,0,2,
2024,6/17/2024,Brewers Bay,C,North,0,15,RHMA,126,LARA,none,0,2,2,1,4,0,0,0,0,1,0,0,0,0,0,5,
2024,6/17/2024,Brewers Bay,C,South,0,0,,175,RHMA,none,0,0,0,0,5,0,0,0,0,0,0,0,0,0,0,5,
2024,6/17/2024,Brewers Bay,C,West,0,0,,192,RHMA,none,0,4,4,0,8,0,0,0,0,0,0,0,0,0,0,8,
2024,6/11/2024,Compass Point,A,East,1.8,44.5,,86.5,,none,0,6,6,6,1,0,0,0,0,0,0,0,0,0,0,1,RHMA sapling total adjusted (-6) according to sapling datasheet
2024,6/11/2024,Compass Point,A,North,0.8,43.2,RHMA,198.12,RHMA,none,0,3,3,8,2,0,0,0,0,0,0,0,0,0,0,2,
2024,6/11/2024,Compass Point,A,South ,,48,,3.22,,none,1,85,86,12,3,0,0,0,0,0,0,0,0,0,0,3,
2024,6/11/2024,Compass Point,A,West,1.7,,,94.8,,none,0,0,0,0,1,0,0,0,0,0,0,0,0,0,0,1,
2024,6/11/2024,Compass Point,B,East,0.5,49.5,,281.94,,none,0,5,5,23,4,0,0,0,0,0,0,0,0,0,0,4,
2024,6/11/2024,Compass Point,B,North ,11.8,42.5,,226.5,,none,0,3,3,1,7,0,0,0,0,0,0,0,0,0,0,7,
2024,6/11/2024,Compass Point,B,South ,0.5,26,,46.5,,none,0,2,2,22,9,0,0,0,0,0,0,0,0,0,0,9,
2024,6/11/2024,Compass Point,B,West,80,45,,,,none,0,0,0,1,0,0,0,0,0,0,0,0,0,0,0,0,
2024,6/11/2024,Compass Point,C,East,,26.4,,1.55,,none,0,0,0,0,0,0,0,0,0,0,0,0,0,1,6,6,
2024,6/11/2024,Compass Point,C,North,,,,1.98,,none,0,0,0,0,0,0,0,0,0,0,0,0,0,0,4,4,
2024,6/11/2024,Compass Point,C,South,1,,,40.5,,none,0,0,0,0,0,0,0,0,0,0,0,0,0,0,5,5,
2024,6/11/2024,Compass Point,C,West,3.5,,,830,,none,0,0,0,0,0,0,0,0,0,0,0,0,0,0,5,5,
2024,7/17/2024,Francis Bay,A,East,0,0,,0,,none,0,0,0,0,0,0,0,0,0,0,0,0,0,0,0,0,
2024,7/17/2024,Francis Bay,A,North,0,0,,0,,none,0,0,0,0,0,0,0,0,0,0,0,0,0,0,0,0,
2024,7/17/2024,Francis Bay,A,South,0,0,,0,,none,0,0,0,0,0,0,0,0,0,0,0,0,0,0,0,0,
2024,7/17/2024,Francis Bay,A,West,2,0,,0,,none,0,0,0,0,0,0,0,0,0,0,0,0,0,1,0,0,
2024,7/17/2024,Francis Bay,B,East,8,0,,0,,none,0,0,0,0,0,0,9,9,0,0,0,0,0,0,0,0,
2024,7/17/2024,Francis Bay,B,North,11.5,0,,0,,none,0,0,0,0,0,0,0,0,0,0,0,0,0,0,0,0,
2024,7/17/2024,Francis Bay,B,South,2,0,,0,,none,0,0,0,0,0,0,14,14,0,0,0,0,0,0,0,0,
2024,7/17/2024,Francis Bay,B,West,8,0,,0,,none,0,0,0,0,0,0,5,5,0,0,0,0,0,0,0,0,
2024,7/17/2024,Francis Bay,C,East,9.9,0,,0,,none,0,0,0,0,0,0,0,0,0,2,0,0,0,0,0,2,
2024,7/17/2024,Francis Bay,C,North,9.8,0,,0,,none,0,0,0,0,0,0,0,0,0,1,0,0,0,0,0,1,
2024,7/17/2024,Francis Bay,C,South,10.2,0,,0,,none,0,0,0,0,0,0,0,0,0,0,0,0,0,0,0,0,
2024,7/17/2024,Francis Bay,C,West,10.2,0,,0,,none,0,0,0,0,0,0,0,0,0,0,0,0,0,0,0,0,
2024,7/24/2024,Great Pond,A,East ,8.4,0,,129.7,AVGE,none,0,0,0,0,1,0,0,0,0,0,0,0,0,0,0,1,AVGE props in plot
2024,7/24/2024,Great Pond,A,North,6.7,0,,0,,little,0,0,0,0,0,0,0,0,0,0,0,0,0,0,0,0,AVGE props in plot
2024,7/24/2024,Great Pond,A,South,17.8,0,,0,,none,0,0,0,0,0,0,0,0,0,0,0,0,0,0,0,0,AVGE props in plot
2024,7/24/2024,Great Pond,A,West ,7,48.3,RHMA,67.5,RHMA,none,0,0,0,3,1,0,0,0,0,0,0,0,0,0,0,1,AVGE props in plot
2024,7/22/2024,Great Pond,B,East ,13,0,,0,,none,0,0,0,0,0,0,0,0,0,0,0,0,0,0,0,0,"AVGE saplings in plot, but not in quad  LARA&RHMA SA just outside plot"
2024,7/22/2024,Great Pond,B,North,13,0,,0,,none,0,0,0,0,0,0,0,0,0,0,0,0,0,0,0,0,"AVGE saplings in plot, but not in quad  LARA&RHMA SA just outside plot"
2024,7/22/2024,Great Pond,B,South,12,0,,0,,none,0,0,0,0,0,0,0,0,0,0,0,0,0,0,0,0,"AVGE saplings in plot, but not in quad  LARA&RHMA SA just outside plot"
2024,7/22/2024,Great Pond,B,West ,13.3,0,,0,,none,0,0,0,0,0,0,0,0,0,0,0,0,0,0,0,0,"AVGE saplings in plot, but not in quad  LARA&RHMA SA just outside plot"
2024,7/22/2024,Great Pond,C,East ,9,0,,0,,none,0,0,0,0,0,0,0,0,0,0,0,0,0,0,0,0,AVGE sapling in plot but not in quad
2024,7/22/2024,Great Pond,C,North,9,0,,0,,none,0,0,0,0,0,0,0,0,0,0,0,0,0,0,0,0,AVGE sapling in plot but not in quad
2024,7/22/2024,Great Pond,C,South,10,0,,0,,none,0,0,0,0,0,0,0,0,0,0,0,0,0,0,0,0,AVGE sapling in plot but not in quad
2024,7/22/2024,Great Pond,C,West ,8.5,0,,0,,none,0,0,0,0,0,0,0,0,0,0,0,0,0,0,0,0,AVGE sapling in plot but not in quad
2024,7/23/2024,Krause Lagoon,A,East,0,24.6,RHMA,340.36,RHMA,little,1,6,7,5,1,0,0,0,0,0,0,0,0,0,0,1,2 dead RHMA saplings
2024,7/23/2024,Krause Lagoon,A,North,0,0,,393.7,RHMA,little,2,4,6,0,7,0,0,0,0,0,0,0,0,0,0,7,5 dead RHMA saplings
2024,7/23/2024,Krause Lagoon,A,South,0,40.8,RHMA,469.9,RHMA,little,0,4,4,5,1,0,0,0,0,0,0,0,0,0,0,1,3 dead RHMA saplings
2024,7/23/2024,Krause Lagoon,A,West,0,0,,464.82,RHMA,little,2,2,4,0,11,0,0,0,0,0,0,0,0,0,0,11,
2024,7/23/2024,Krause Lagoon,B,East,0,36.2,RHMA,144.1,RHMA,none,0,0,0,1,2,0,0,0,0,0,0,0,0,0,0,2,
2024,7/23/2024,Krause Lagoon,B,North,0.5,0,,0,,none,0,0,0,0,0,0,0,0,0,0,0,0,0,0,0,0,
2024,7/23/2024,Krause Lagoon,B,South,6,0,,143,RHMA,none,0,0,0,0,1,0,0,0,0,0,0,0,0,0,0,1,
2024,7/23/2024,Krause Lagoon,B,West,9.8,0,,291,RHMA,none,0,0,0,0,1,0,0,0,0,0,0,0,0,0,0,1,
2024,7/23/2024,Krause Lagoon,C,East,9.5,0,,0,,none,0,0,0,0,0,0,0,0,0,0,0,0,0,0,0,0,
2024,7/23/2024,Krause Lagoon,C,North,14.1,0,,0,,none,0,0,0,0,0,0,0,0,0,0,0,0,0,0,0,0,
2024,7/23/2024,Krause Lagoon,C,South,12.5,0,,0,,none,0,0,0,0,0,0,0,0,0,0,0,0,0,0,0,0,
2024,7/23/2024,Krause Lagoon,C,West,36.4,0,,0,,none,0,0,0,0,0,0,0,0,0,0,0,0,0,0,0,0,
2024,8/6/2024,Lameshur Bay,C,East ,0,49.8,RHMA,63,RHMA,none,1,16,17,32,4,0,0,0,0,0,0,0,0,0,0,4,
2024,8/6/2024,Lameshur Bay,C,North,0,46,RHMA,78,RHMA,none,1,4,5,10,11,0,0,0,0,0,0,0,0,0,0,11,
2024,8/6/2024,Lameshur Bay,C,South,0,47,RHMA,78,RHMA,none,0,2,2,16,4,0,0,0,0,7,0,0,0,0,0,11,
2024,8/6/2024,Lameshur Bay,C,West ,0,49.2,RHMA,138.8,AVGE,none,0,7,7,17,0,0,0,0,0,0,0,0,0,0,0,0,
2024,8/6/2024,Lameshur Bay,B,East ,0,40.2,AVGE,80.2,AVGE,none,0,0,0,0,0,0,0,0,0,0,0,5,5,7,7,7,
2024,8/6/2024,Lameshur Bay,B,North,0,49,,56.8,AVGE,none,0,0,0,0,0,0,11,11,9,0,0,0,0,1,3,3,
2024,8/6/2024,Lameshur Bay,B,South,0,,,120,AVGE,none,0,0,0,0,0,0,0,0,0,0,0,0,0,0,3,3,
2024,8/6/2024,Lameshur Bay,B,West ,0,,,360,AVGE,none,0,0,0,0,0,0,0,0,0,0,0,0,0,0,9,9,
2024,8/6/2024,Lameshur Bay,A,East ,2,32,AVGE,,,none,0,0,0,0,0,0,0,0,0,0,0,0,0,4,0,0,
2024,8/6/2024,Lameshur Bay,A,North,3,,,,,none,0,0,0,0,0,0,0,0,0,0,0,0,0,0,0,0,
2024,8/6/2024,Lameshur Bay,A,South,0,,,,,none,0,0,0,0,0,0,0,0,0,0,0,0,0,0,0,0,
2024,8/6/2024,Lameshur Bay,A,West ,2,,,,,none,0,0,0,0,0,0,0,0,0,0,0,0,0,0,0,0,
2024,7/9/2024,Magens Bay,A,East,11.2,0,,800,RHMA,none,0,0,0,0,1,0,0,0,0,0,0,0,0,0,0,1,
2024,7/9/2024,Magens Bay,A,North,4.5,0,,114,RHMA,none,0,0,0,0,1,0,0,0,0,0,0,0,0,0,0,1,
2024,7/9/2024,Magens Bay,A,South,0,0,,76.1,RHMA,none,0,0,0,0,1,0,0,0,0,0,0,0,0,0,0,1,
2024,7/9/2024,Magens Bay,A,West,17.4,0,,,,none,0,0,0,0,0,0,0,0,0,0,0,0,0,0,0,0,
2024,7/9/2024,Magens Bay,B,East,9,,,,,none,0,0,0,0,0,0,0,0,0,0,0,0,0,0,0,0,
2024,7/9/2024,Magens Bay,B,North,7.5,,,,,none,0,0,0,0,0,0,7,7,0,0,0,0,0,0,0,0,
2024,7/9/2024,Magens Bay,B,South,8.5,,,,,none,0,0,0,0,0,0,0,0,0,0,0,0,0,0,0,0,
2024,7/9/2024,Magens Bay,B,West,14,,,750,,none,0,0,0,0,1,4,0,4,0,0,0,0,0,0,0,1,
2024,7/9/2024,Magens Bay,C,East,0,,,,,none,0,0,0,0,0,0,0,0,0,0,0,0,0,0,0,0,4 dead RHMA saplings
2024,7/9/2024,Magens Bay,C,North,0,,,,,none,0,0,0,0,0,0,0,0,0,0,0,0,0,0,0,0,1 dead RHMA sapling
2024,7/9/2024,Magens Bay,C,South,0,,,,RHMA,none,0,0,0,0,1,0,2,2,0,0,0,0,0,0,0,1,2 dead RHMA saplings
2024,7/9/2024,Magens Bay,C,West,0,,,,,none,0,0,0,0,1,0,0,0,0,0,0,0,0,0,0,1,3 dead RHMA saplings
2024,6/7/2024,Mandahl Bay,A,East ,0,0,,245,LARA,none,0,0,0,0,1,0,0,0,0,3,0,0,0,0,0,4,
2024,6/7/2024,Mandahl Bay,A,North ,0,0,,0,,none,0,0,0,0,0,0,0,0,0,0,0,0,0,0,0,0,
2024,6/7/2024,Mandahl Bay,A,South,0,58.8,RHMA,344.2,LARA,none,1,0,1,4,0,0,0,0,0,1,0,0,0,0,0,1,
2024,6/7/2024,Mandahl Bay,A,West,0,0,,388.1,LARA,none,0,0,0,0,1,0,0,0,0,2,0,0,0,0,0,3,
2024,6/7/2024,Mandahl Bay,B,East ,0,40.2,LARA,57.7,RHMA,none,0,0,0,4,1,0,0,0,16,0,0,0,0,0,0,1,
2024,6/7/2024,Mandahl Bay,B,North ,0,8.4,LARA,198,LARA,none,0,0,0,0,0,0,0,0,1,2,0,0,0,0,0,2,
2024,6/7/2024,Mandahl Bay,B,South,0,0,,133.3,RHMA,none,0,0,0,0,1,0,0,0,0,0,0,0,0,0,0,1,
2024,6/7/2024,Mandahl Bay,B,West,0,0,,131.6,RHMA,none,0,0,0,0,1,0,0,0,0,1,0,0,0,0,0,2,
2024,6/7/2024,Mandahl Bay,C,East ,0,0,,0,,none,0,0,0,0,0,0,0,0,0,0,0,0,0,0,0,0,
2024,6/7/2024,Mandahl Bay,C,North ,0,0,,248,LARA,none,0,0,0,0,0,0,0,0,0,1,0,0,0,0,0,1,
2024,6/7/2024,Mandahl Bay,C,South,0,0,,0,,none,0,0,0,0,0,0,0,0,0,0,0,0,0,0,0,0,
2024,6/7/2024,Mandahl Bay,C,West,0,0,,0,,none,0,0,0,0,0,0,0,0,0,0,0,0,0,0,0,0,
2024,8/9/2024,Mary Creek,A,East ,0,,,,,moderate,0,0,0,0,0,0,0,0,0,0,0,0,0,0,0,0,
2024,8/9/2024,Mary Creek,A,North,3.4,,,,,little,0,0,0,0,0,0,0,0,0,0,0,0,0,0,0,0,
2024,8/9/2024,Mary Creek,A,South,0,,,,,little,0,0,0,0,0,0,1,1,0,0,0,0,0,0,0,0,
2024,8/9/2024,Mary Creek,A,West ,0,,,,,little,0,0,0,0,0,0,0,0,0,0,0,0,0,0,0,0,
2024,8/9/2024,Mary Creek,B,East ,3.4,,,,,none,0,0,0,0,0,0,0,0,0,0,0,0,0,0,0,0,
2024,8/9/2024,Mary Creek,B,North,15.5,,,,,none,0,0,0,0,0,0,0,0,0,0,0,0,0,0,0,0,
2024,8/9/2024,Mary Creek,B,South,0,,,,,none,0,0,0,0,0,0,17,17,0,0,0,0,0,0,0,0,
2024,8/9/2024,Mary Creek,B,West ,7,,,,,little,0,0,0,0,0,0,0,0,0,0,0,0,0,0,0,0,
2024,8/9/2024,Mary Creek,C,East ,0,81,LARA,,,none,0,0,0,0,0,0,60,60,3,0,0,0,0,0,0,0,
2024,8/9/2024,Mary Creek,C,North,0,,,,,,0,0,0,0,0,0,52,52,0,0,0,0,0,0,0,0,
2024,8/9/2024,Mary Creek,C,South,0,,,,,moderate,0,0,0,0,0,0,9,9,0,0,5,0,5,0,0,0,
2024,8/9/2024,Mary Creek,C,West ,0,5.4,LARA,,,none,0,0,0,0,0,0,84,84,1,0,0,0,0,0,0,0,
2024,6/12/2024,Perseverance Bay,A,East,30.6,0,,0,,,0,0,0,0,0,0,0,0,0,0,0,0,0,0,0,0,
2024,6/12/2024,Perseverance Bay,A,North ,30.3,0,,0,,none,0,0,0,0,0,0,0,0,0,0,0,0,0,0,0,0,
2024,6/12/2024,Perseverance Bay,A,South ,40.3,0,,0,,none,0,0,0,0,0,0,0,0,0,0,0,0,0,0,0,0,
2024,6/12/2024,Perseverance Bay,A,West,30,0,,0,,none,0,0,0,0,0,0,0,0,0,0,0,0,0,0,0,0,
2024,6/12/2024,Perseverance Bay,B,East,47.5,0,,0,,none,0,0,0,0,0,0,0,0,0,0,0,0,0,0,0,0,
2024,6/12/2024,Perseverance Bay,B,North,39,,,,,,0,0,0,0,0,0,0,0,0,0,0,0,0,0,0,0,
2024,6/12/2024,Perseverance Bay,B,South,45.2,,,,,none,0,1,1,0,0,0,0,0,0,0,0,0,0,0,0,0,
2024,6/12/2024,Perseverance Bay,B,West,36.2,,,210,,none,0,0,0,0,7,0,0,0,0,0,0,0,0,0,0,7,
2024,6/12/2024,Perseverance Bay,C,East,45.5,0,,0,,moderate,0,1,1,0,0,0,0,0,0,0,0,0,0,0,0,0,
2024,6/12/2024,Perseverance Bay,C,North ,47.4,0,,0,,moderate,0,0,0,0,0,0,0,0,0,0,0,0,0,0,0,0,
2024,6/12/2024,Perseverance Bay,C,South ,29.5,,,335,,none,2,1,3,0,12,0,0,0,0,0,0,0,0,0,0,12,
2024,6/12/2024,Perseverance Bay,C,West,46.1,0,,366,,moderate,0,0,0,0,4,0,0,0,0,0,0,0,0,0,0,4,"root splits, predation, MSS"
2024,7/18/2024,Princess Bay,A,East,1,41.5,LARA,0,,none,0,0,0,0,0,0,0,0,2,0,0,0,0,0,0,0,
2024,7/18/2024,Princess Bay,A,North,1.5,41.3,RHMA,0,,none,0,0,0,3,0,0,0,0,0,0,0,0,0,0,0,0,
2024,7/18/2024,Princess Bay,A,South,5.2,34,RHMA,0,,none,0,0,0,2,0,0,0,0,0,0,0,0,0,0,0,0,
2024,7/18/2024,Princess Bay,A,West,2.1,0,,0,,none,0,0,0,0,0,0,0,0,0,0,0,0,0,0,0,0,
2024,7/18/2024,Princess Bay,B,East,0,23.9,RHMA,0,,none,5,7,12,1,0,0,0,0,0,0,0,0,0,0,0,0,
2024,7/18/2024,Princess Bay,B,North,0,0,,0,,moderate,0,0,0,0,0,0,0,0,0,0,0,0,0,0,0,0,
2024,7/18/2024,Princess Bay,B,South,0,0,,0,,none,0,0,0,0,0,0,0,0,0,0,0,0,0,0,0,0,
2024,7/18/2024,Princess Bay,B,West,0,0,,0,,none,0,0,0,0,0,0,0,0,0,0,0,0,0,0,0,0,
2024,7/18/2024,Princess Bay,C,East,0,21.9,RHMA,0,,none,1,0,1,1,0,0,0,0,0,0,0,0,0,0,0,0,
2024,7/18/2024,Princess Bay,C,North,0,41.4,LARA,0,,none,5,16,21,0,0,0,0,0,2,0,0,0,0,0,0,0,
2024,7/18/2024,Princess Bay,C,South,0,0,,207.5,RHMA,none,0,0,0,0,1,0,0,0,0,0,0,0,0,0,0,1,
2024,7/18/2024,Princess Bay,C,West,2.5,0,,240,RHMA,none,0,0,0,0,1,0,0,0,0,0,0,0,0,0,0,1,
2024,9/18/2024,Reef Bay,A,East,31,,,182,AVGE,none,0,0,0,0,0,0,9,9,0,0,0,0,0,0,1,1,
2024,9/18/2024,Reef Bay,A,North,44,,,,,none,0,0,0,0,0,0,18,18,0,0,0,0,0,0,0,0,
2024,9/18/2024,Reef Bay,A,South,16.5,31,LARA,440,LARA,none,0,0,0,0,0,0,79,79,9,11,0,0,0,0,0,11,
2024,9/18/2024,Reef Bay,A,West,35,,,,,none,0,0,0,0,0,0,18,18,0,0,0,0,0,0,0,0,
2024,9/18/2024,Reef Bay,B,East,13.7,,,435,,none,0,0,0,0,0,0,18,18,0,12,2,0,2,0,0,12,LARA sapling total adjusted (+1) according to saplilng datasheet
2024,9/18/2024,Reef Bay,B,North,42,,,,,none,0,0,0,0,0,0,0,0,0,0,0,0,0,0,0,0,
2024,9/18/2024,Reef Bay,B,South,51,0,,0,,none,0,0,0,0,0,0,2,2,0,0,0,0,0,0,0,0,
2024,9/18/2024,Reef Bay,B,West,14,,,245,,none,0,0,0,0,0,0,0,0,0,0,0,0,0,0,2,2,
2024,7/24/2024,Salt River,A,East ,0,32,LARA,352,LARA,none,0,0,0,0,0,0,0,0,5,18,0,0,0,0,0,18,sea purslane
2024,7/24/2024,Salt River,A,North,0,0,,0,,none,0,0,0,0,0,0,0,0,0,0,0,0,0,0,0,0,sea purslane
2024,7/24/2024,Salt River,A,South,0,10.5,LARA,22,LARA,none,0,0,0,0,0,0,0,0,38,2,0,0,0,0,0,2,sea purslane
2024,7/24/2024,Salt River,A,West ,0,0,,0,,none,0,0,0,0,0,0,0,0,0,0,0,0,0,0,0,0,sea purslane
2024,7/24/2024,Salt River,B,East ,0,0,,0,,none,0,0,0,0,0,0,0,0,0,0,0,0,0,0,0,0,
2024,7/24/2024,Salt River,B,North,14.5,0,,104,RHMA,none,0,3,3,0,7,0,2,2,0,0,0,0,0,0,0,7,
2024,7/24/2024,Salt River,B,South,2,0,,0,,,0,0,0,0,0,0,0,0,0,0,0,0,0,0,0,0,
2024,7/24/2024,Salt River,B,West ,200,0,,0,,none,0,0,0,0,0,0,0,0,0,0,0,0,0,0,0,0,
2024,7/24/2024,Salt River,C,East ,0,0,,0,,none,0,0,0,0,0,0,0,0,0,0,0,0,0,0,0,0,
2024,7/24/2024,Salt River,C,North,7.9,0,,75,RHMA,none,2,5,7,0,4,0,0,0,0,0,0,0,0,0,0,4,
2024,7/24/2024,Salt River,C,South,0,24.2,,0,,none,0,6,6,1,0,0,0,0,0,0,0,0,0,0,0,0,tallest seedling species not recorded
2024,7/24/2024,Salt River,C,West ,1600,0,,0,,,0,0,0,0,0,0,0,0,0,0,0,0,0,0,0,0,dead red sapling
2024,6/18/2024,STEER Basin,A,East,,,,,,,0,0,0,0,0,0,0,0,0,0,0,0,0,0,0,0,
2024,6/18/2024,STEER Basin,A,North,,,,,,,0,0,0,0,0,0,0,0,0,0,0,0,0,0,,0,
2024,6/18/2024,STEER Basin,A,South,,,,,,,0,0,0,0,0,0,0,0,0,0,0,0,0,0,0,0,
2024,6/18/2024,STEER Basin,A,West,197,,,0,,none,0,0,0,0,0,0,0,0,0,0,0,0,0,0,0,0,
2024,6/18/2024,STEER Basin,B,East,7.5,,,,,none,0,1,1,0,0,0,2,2,0,0,0,0,0,0,0,0,TRANSFERED FROM STEER FRINGE DATASHEET
2024,6/18/2024,STEER Basin,B,North,8.1,34.6,LARA,,,none,0,0,0,0,0,0,0,0,3,0,0,0,0,1,0,0,TRANSFERED FROM STEER FRINGE DATASHEET  
2024,6/18/2024,STEER Basin,B,South,9.5,25.8,RHMA,213,LARA,none,0,0,0,1,0,3,10,13,9,4,0,0,0,3,0,4,"TRANSFERED FROM STEER FRINGE DATASHEET, LARA sapling count adjusted (+1) according to sapling datasheet"
2024,6/18/2024,STEER Basin,B,West,10.5,,,,,none,2,3,5,0,0,0,1,1,0,0,0,1,1,0,0,0,TRANSFERED FROM STEER FRINGE DATASHEET
2024,6/18/2024,STEER Basin,C,East,9.5,39,RHMA,50.4,RHMA,none,0,0,0,2,1,0,0,0,3,0,0,0,0,2,0,1,
2024,6/18/2024,STEER Basin,C,North,3,0,,0,,none,0,0,0,2,1,0,0,0,3,0,0,0,0,2,0,1,
2024,6/18/2024,STEER Basin,C,South,8.5,40.1,LARA,19.5,RHMA,none,0,0,0,0,0,0,0,0,7,0,0,0,0,0,0,0,
2024,6/18/2024,STEER Basin,C,West,18.7,0,,0,,none,0,0,0,2,1,0,0,0,0,0,0,0,0,0,0,1,
2024,7/5/2024,STEER Fringe,A,East,8.7,,,,,none,0,0,0,0,0,0,0,0,0,0,0,0,0,0,0,0,
2024,7/5/2024,STEER Fringe,A,North,7,,,,,none,0,0,0,0,0,0,0,0,0,0,0,0,0,0,0,0,
2024,7/5/2024,STEER Fringe,A,South,5.2,,,79,RHMA,none,0,0,0,0,1,0,0,0,0,0,0,0,0,0,0,1,
2024,7/5/2024,STEER Fringe,A,West,1.2,,,250,RHMA,none,0,0,0,0,2,0,0,0,0,0,0,0,0,0,0,2,
2024,7/5/2024,STEER Fringe,B,East,2,400,LARA,12.7,RHMA,none,0,3,3,0,2,15,0,15,7,0,0,0,0,0,0,2,
2024,7/5/2024,STEER Fringe,B,North,5,,,,,none,0,0,0,0,0,0,0,0,0,0,0,0,0,0,0,0,
2024,7/5/2024,STEER Fringe,B,South,1.4,18.2,,800,,little,0,0,0,1,1,37,32,69,20,2,3,0,3,1,0,3,RHMA sapling count adjusted (+1) according to sapling datasheet
2024,7/5/2024,STEER Fringe,B,West,3,49.3,RHMA,29.8,,none,0,1,1,1,1,7,0,7,15,0,0,2,2,0,0,1,
2024,7/5/2024,STEER Fringe,C,East,4.5,,,,,none,0,0,0,0,0,0,0,0,0,0,0,0,0,0,0,0,
2024,7/5/2024,STEER Fringe,C,North,4,,,,,none,0,0,0,0,0,0,0,0,0,0,0,0,0,0,0,0,
2024,7/5/2024,STEER Fringe,C,South,,,,,,none,0,1,1,0,3,0,0,0,0,0,0,0,0,0,0,3,
2024,7/5/2024,STEER Fringe,C,West,,,,,,none,0,0,0,0,0,0,9,9,0,0,0,0,0,0,0,0,
2024,8/7/2024,Turner Bay,A,East ,1,38,RHMA,0,,none,2,0,2,10,0,0,0,0,0,0,0,0,0,0,0,0,
2024,8/7/2024,Turner Bay,A,North,3.3,58.5,RHMA,0,,none,0,1,1,5,0,0,0,0,0,0,0,0,0,0,0,0,
2024,8/7/2024,Turner Bay,A,South,3.8,33.9,RHMA,149,RHMA,none,1,4,5,4,3,0,0,0,0,0,0,0,0,0,0,3,
2024,8/7/2024,Turner Bay,A,West ,0,35,RHMA,85.8,RHMA,none,29,3,32,14,34,0,0,0,0,0,0,0,0,0,0,34,
2024,8/7/2024,Turner Bay,B,East ,8,,,,,none,0,0,0,0,0,0,0,0,0,0,0,0,0,0,0,0,
2024,8/7/2024,Turner Bay,B,North,8,,,,,none,0,0,0,0,0,0,0,0,0,0,0,0,0,0,0,0,
2024,8/7/2024,Turner Bay,B,South,7,,,,,none,0,2,2,0,0,0,0,0,0,0,0,0,0,0,0,0,
2024,8/7/2024,Turner Bay,B,West ,2,,,,,,0,0,0,0,0,0,0,0,0,0,0,0,0,0,0,0,
2024,8/7/2024,Turner Bay,C,East ,8.7,37.6,RHMA,,,none,0,4,4,1,0,0,0,0,0,0,0,0,0,0,0,0,
2024,8/7/2024,Turner Bay,C,North,8,,,,,none,0,0,0,0,0,0,0,0,0,0,0,0,0,0,0,0,
2024,8/7/2024,Turner Bay,C,South,3,35.8,RHMA,55.7,RHMA,none,0,1,1,1,1,0,0,0,0,0,0,0,0,0,0,1,
2024,8/7/2024,Turner Bay,C,West ,13,39.8,RHMA,55.4,RHMA,none,0,1,1,11,1,0,0,0,0,0,0,0,0,0,0,1,
2024,6/13/2024,Vessup Bay,A,East,0,0,,156,LARA,little,0,0,0,0,0,0,0,0,0,1,0,0,0,0,0,1,
2024,6/13/2024,Vessup Bay,A,North,3.5,0,,0,,moderate,0,1,1,0,0,0,0,0,0,0,0,0,0,0,0,0,so much woody debris
2024,6/13/2024,Vessup Bay,A,South,0,14.2,LARA,0,,lots,0,0,0,0,0,0,0,0,1,0,0,0,0,0,0,0,
2024,6/13/2024,Vessup Bay,A,West,0,0,,0,,moderate,0,0,0,0,0,0,0,0,0,0,0,0,0,0,0,0,
2024,6/13/2024,Vessup Bay,B,East,0,0,,0,,lots,0,0,0,0,0,0,0,0,0,0,0,0,0,0,0,0,
2024,6/13/2024,Vessup Bay,B,North,0,0,,0,,moderate,0,0,0,0,0,0,0,0,0,0,0,0,0,0,0,0,
2024,6/13/2024,Vessup Bay,B,South,0,0,,113,LARA,none,0,0,0,0,0,0,0,0,0,2,0,0,0,0,0,2,
2024,6/13/2024,Vessup Bay,B,West,0,0,,105,LARA,moderate,0,0,0,0,0,0,0,0,0,1,0,0,0,0,0,1,
2024,6/13/2024,Vessup Bay,C,East,0,0,,0,,moderate,0,0,0,0,0,0,0,0,0,0,0,0,0,0,0,0,
2024,6/13/2024,Vessup Bay,C,North,0,0,,0,,moderate,0,0,0,0,0,0,0,0,0,0,0,0,0,0,0,0,
2024,6/13/2024,Vessup Bay,C,South,0,0,,0,,moderate,0,0,0,0,0,0,0,0,0,0,0,0,0,0,0,0,
2024,6/13/2024,Vessup Bay,C,West,0,0,,0,,moderate,0,0,0,0,0,0,0,0,0,0,0,0,0,0,0,0,
2024,8/8/2024,Water Creek ,A,East ,0,,,,,none,0,0,0,0,0,0,0,0,0,0,0,0,0,0,0,0,
2024,8/8/2024,Water Creek ,A,North,0,21.7,LARA,294,LARA,,0,2,2,0,0,0,0,0,45,4,0,0,0,0,0,4,
2024,8/8/2024,Water Creek ,A,South,0,,,,,none,0,0,0,0,0,0,8,8,0,0,0,0,0,0,0,0,
2024,8/8/2024,Water Creek ,A,West ,28,,,,,none,0,0,0,0,0,0,0,0,0,0,0,0,0,0,0,0,
2024,8/8/2024,Water Creek ,B,East ,0,,,,,moderate,0,0,0,0,0,0,13,13,0,0,0,0,0,0,0,0,
2024,8/8/2024,Water Creek ,B,North,0,26.2,LARA,,,little,0,0,0,0,0,0,9,9,9,0,0,0,0,0,0,0,
2024,8/8/2024,Water Creek ,B,South,0,27,LARA,,,none,0,0,0,0,0,0,3,3,154,0,0,0,0,0,0,0,
2024,8/8/2024,Water Creek ,B,West ,5.8,,,,,none,0,0,0,0,0,0,2,2,0,0,0,0,0,0,0,0,
2024,8/8/2024,Water Creek ,C,East ,0,17,LARA,,,little,1,0,1,0,0,0,0,0,15,0,0,0,0,0,0,0,
2024,8/8/2024,Water Creek ,C,North,0,14.8,LARA,,,little,0,0,0,0,0,0,1,1,2,0,0,0,0,0,0,0,
2024,8/8/2024,Water Creek ,C,South,0,,,,,little,0,0,0,0,0,0,0,0,0,0,0,0,0,0,0,0,
2024,8/8/2024,Water Creek ,C,West ,0,,,,,little,0,0,0,0,0,0,0,0,0,0,0,0,0,0,0,0,
2024,7/22/2024,SouthGate,A,East ,0,0,,0,,none,0,0,0,0,0,0,0,0,0,0,0,0,0,0,0,0,
2024,7/22/2024,SouthGate,A,North,12,0,,0,,none ,0,0,0,0,0,0,0,0,0,0,0,0,0,0,0,0,
2024,7/22/2024,SouthGate,A,South,10,0,,0,,none,0,0,0,0,0,0,0,0,0,0,0,0,0,0,0,0,
2024,7/22/2024,SouthGate,A,West ,10,0,,0,,,0,0,0,0,0,0,0,0,0,0,0,0,0,0,0,0,
2024,7/22/2024,SouthGate,B,East ,2.6,0,,0,,none,0,0,0,0,0,150,0,150,0,0,0,0,0,0,0,0,
2024,7/22/2024,SouthGate,B,North,0,12.3,LARA,0,,none,0,0,0,0,0,0,0,0,13,0,0,0,0,0,0,0,
2024,7/22/2024,SouthGate,B,South,0,18.1,,0,,none,0,0,0,0,0,0,7,7,424,0,0,0,0,2,0,0,
2024,7/22/2024,SouthGate,B,West ,0,13.6,LARA,0,,none,0,0,0,0,0,0,1,1,401,0,0,1,1,0,0,0,
2024,7/22/2024,SouthGate,C,East ,0,0,,0,,none,0,0,0,0,0,98,0,98,0,0,0,0,0,0,0,0,
2024,7/22/2024,SouthGate,C,North,0,34,LARA,800,LARA,none,0,0,0,0,0,15,0,15,1,4,0,0,0,0,0,4,
2024,7/22/2024,SouthGate,C,South,3.5,0,,250,LARA,none,0,0,0,0,0,4,0,4,0,5,0,0,0,0,0,5,
2024,7/22/2024,SouthGate,C,West ,0,9.8,LARA,91.1,LARA,none,0,0,0,0,0,127,0,127,78,1,0,0,0,0,0,1,