Island,Site,Plot,SY,Date_Survey,Pore_water,Inside_plot,Survey_start,Survey_end,Personnel,Water_depth,Temp,DO_percent,DO_mg_L,Salinity_ppt,SPC,TDS,pH,Syringe_used,Notes,water_depth_below_zero,Salinity_ppt_above_70ppt,TDS_above_70ppt
St Thomas,Brewers Bay,A,2022,8/27/2021,no,yes,9:15,NA,"KWG, AND, HAS, AJH",6,28.6,15,0.93,33.15,50687,32.965,NA,No,,-3,96.54,
St Thomas,Brewers Bay,A,2022,9/21/2021,No,yes,9:15,NA,"KWG, AND, HAS, AJH",9,28.3,19.4,1.24,33.38,50998,33.15,NA,No,,-2.9,96.49,
St Thomas,Brewers Bay,A,2022,8/27/2021,No,yes,9:15,NA,"KWG, AND, HAS, AJH",22,29.4,29.2,1.84,33.85,51650,33.64,NA,No,,-2.5,96.1,
St Thomas,Brewers Bay,B,2022,9/20/2021,yes,yes,9:54,NA,"KWG, AND, HAS, AJH",1,27.6,85.5,6.4,8.46,14582,9567,NA,Yes,"Over 30 red saplings in plot not captured by regeneration subplots, lots of white and some red propagules on the ground, lots of Herbivory on the white mangrove leaves",-2,94.99,
St Thomas,Brewers Bay,B,2022,9/20/2021,no,yes,9:54,NA,"KWG, AND, HAS, AJH",4,28.3,42.7,2.81,28.96,43740,28340,NA,No,"Over 30 red saplings in plot not captured by regeneration subplots, lots of white and some red propagules on the ground, lots of Herbivory on the white mangrove leaves",,75.83,
St Thomas,Brewers Bay,B,2022,9/20/2021,No,No,9:54,NA,"KWG, AND, HAS, AJH",8,29.2,40.1,2.56,30.15,46801,29277,NA,No,"Over 30 red saplings in plot not captured by regeneration subplots, lots of white and some red propagules on the ground, lots of Herbivory on the white mangrove leaves",,71.75,
St Thomas,Brewers Bay,C,2022,9/21/2021,yes,yes,12:15,NA,"KWG, AND, HAS, AJH",1,28.8,88,6.29,13.41,22328,14763,NA,Yes,Red and white propagules on the ground,-1.5,87.96,
St Thomas,Brewers Bay,C,2022,9/21/2021,yes,yes,12:15,NA,"KWG, AND, HAS, AJH",0,28.4,73,4.81,28.71,44547,28995,NA,Yes,Red and white propagules on the ground,,72.43,
St Thomas,Brewers Bay,C,2022,9/21/2021,no,yes,12:15,NA,"KWG, AND, HAS, AJH",5,28.9,32.7,2.69,29.41,45523,29716,NA,No,Red and white propagules on the ground,,70.7,
St Thomas,Compass Point,A,2022,10/14/2021,yes,yes,9:47,NA,"HAS, KWG, AND, LU, LP, KH",1,28,7.5,4.73,29.6,45948,29827,NA,Yes,,,,
St Thomas,Compass Point,A,2022,10/14/2021,yes,yes,9:47,NA,"HAS, KWG, AND, LU, LP, KH",2,28.2,81.9,5.34,31.6,47833,31069,NA,Yes,,,,
St Thomas,Compass Point,A,2022,10/14/2021,yes,yes,9:47,NA,"HAS, KWG, AND, LU, LP, KH",2,28.4,86,5.6,31.3,47945,31128,NA,Yes,,,,
St Thomas,Compass Point,B,2022,10/14/2021,yes,yes,12:35,NA,"HAS, KWG, AND, LU, LP, KH",4.2,37,130.3,7.88,20.39,33015,21487,NA,Yes,,,,
St Thomas,Compass Point,B,2022,10/14/2021,yes,yes,12:35,NA,"HAS, KWG, AND, LU, LP, KH",4.5,33.2,36.3,2.28,22.45,35915,23345,NA,Yes,,,,
St Thomas,Compass Point,B,2022,10/14/2021,yes,yes,12:35,NA,"HAS, KWG, AND, LU, LP, KH",5.7,37.1,108.4,6.38,23.64,37645,24729,NA,Yes,,,,
St Thomas,Compass Point,C,2022,10/14/2021,yes,yes,14:05,NA,"HAS, KWG, AND, LU, LP, KH",9.1,35.6,53.1,3.17,20.5,31395,20131,NA,No,Lots of AVGE saplings,,,
St Thomas,Compass Point,C,2022,10/14/2021,yes,yes,14:05,NA,"HAS, KWG, AND, LU, LP, KH",10,33.8,53.8,3.37,21.92,35155,22859,NA,Yes,Lots of AVGE saplings,,,
St Thomas,Compass Point,C,2022,10/14/2021,yes,yes,14:05,NA,"HAS, KWG, AND, LU, LP, KH",8,32.5,76.1,4.81,22.99,36558,23798,NA,Yes,Lots of AVGE saplings,,,
St John,Francis Bay,A,2022,10/28/2021,No,No,11:21,NA,"HAS, AND, LU, LP, KWG, VB",5,30,82.2,6.26,0.01,12.8,8,NA,Yes,Water quality measurements taken outside of the plot,,,
St John,Francis Bay,A,2022,10/28/2021,No,No,11:21,NA,"HAS, AND, LU, LP, KWG, VB",7.3,30.1,57.2,3.22,52.82,76330,49637,NA,Yes,Water quality measurements taken outside of the plot,,,
St John,Francis Bay,A,2022,10/28/2021,No,No,11:21,NA,"HAS, AND, LU, LP, KWG, VB",8.7,31.2,79.3,4.4,53.09,76764,49904,NA,Yes,Water quality measurements taken outside of the plot,,,
St John,Francis Bay,B,2022,10/28/2021,No,No,10:05,NA,"HAS, AND, LU, LP, KWG, VB",5.8,31.1,100.3,5.65,51.17,74358,48350,NA,Yes,,,,
St John,Francis Bay,B,2022,10/28/2021,No,No,10:05,NA,"HAS, AND, LU, LP, KWG, VB",7.5,30.7,90,5.04,52.57,76140,49482,NA,Yes,,,,
St John,Francis Bay,B,2022,10/28/2021,No,No,10:05,NA,"HAS, AND, LU, LP, KWG, VB",6.4,29.1,66.5,3.79,52.77,76267,49572,NA,Yes,,,,
St John,Francis Bay,C,2022,10/29/2021,No,No,12:40,NA,"HAS, AND, LU, LP, KWG, VB",5.5,30.1,36.7,2.09,50.39,73333,47666,NA,No,Well going to be outside of plot in a channel of the salt pond,,,
St John,Francis Bay,C,2022,10/29/2021,No,No,12:40,NA,"HAS, AND, LU, LP, KWG, VB",3.7,29.5,41.1,2.36,50.44,73366,47690,NA,Yes,Well going to be outside of plot in a channel of the salt pond,,,
St John,Francis Bay,C,2022,10/29/2021,No,No,12:40,NA,"HAS, AND, LU, LP, KWG, VB",4.1,30.4,29.6,1.94,50.52,73504,47781,NA,No,Well going to be outside of plot in a channel of the salt pond,,,
St Croix,Great Pond,A,2022,11/15/2021,N,No,10:26,NA,"KWG, HS, AND, AH",5,32.4,97.2,5.09,61,86628,56317,NA,N,COER on way in,,,
St Croix,Great Pond,A,2022,11/15/2021,N,No,10:26,NA,"KWG, HS, AND, AH",8,31.6,95.8,5.06,61.19,86865,56523,NA,N,COER on way in,,,
St Croix,Great Pond,A,2022,11/15/2021,N,No,10:26,NA,"KWG, HS, AND, AH",9.5,32.2,123.2,6.48,61.4,87000,56578,NA,N,COER on way in,,,
St Croix,Great Pond,B,2022,11/15/2021,N,No,12:10,NA,"KWG, HS, AND, AH",14.5,35.6,118.1,6.91,30.81,47667,31201,NA,N,,,,
St Croix,Great Pond,B,2022,11/15/2021,N,No,12:10,NA,"KWG, HS, AND, AH",5.5,35.3,216.7,10.39,71.38,99112,64440,NA,N,,,,
St Croix,Great Pond,B,2022,11/15/2021,N,No,12:10,NA,"KWG, HS, AND, AH",7.5,34.6,175.6,8.63,70.7,98098,63885,NA,N,,,,
St Croix,Great Pond,C,2022,11/15/2021,N,No,13:36,NA,"KWG, HS, AND, AH",5.8,36.3,227.4,9.94,86.85,116624,75826,NA,N,Batis on mudflat,,,
St Croix,Great Pond,C,2022,11/15/2021,N,No,13:36,NA,"KWG, HS, AND, AH",3,36.6,113.6,6.24,40.35,60613,39493,NA,N,Batis on mudflat,,,
St Croix,Great Pond,C,2022,11/15/2021,N,No,13:36,NA,"KWG, HS, AND, AH",5,37.5,237.4,9.83,91.61,122058,79303,NA,N,Batis on mudflat,,,
St Croix,Krause Lagoon,A,2022,11/17/2021,No,yes,10:05,NA,"KWG, HS, AND, AH",6.5,26.7,20.2,1.33,34.28,51944,33733,NA,No,Sargassum at opening of site and within plot,,,
St Croix,Krause Lagoon,A,2022,11/17/2021,No,yes,10:05,NA,"KWG, HS, AND, AH",23,26.7,33.6,2.22,33.75,51434,33979,NA,No,Sargassum at opening of site and within plot,,,
St Croix,Krause Lagoon,A,2022,11/17/2021,No,yes,10:05,NA,"KWG, HS, AND, AH",28,27.2,50.9,3.27,34.68,52687,34255,NA,No,Sargassum at opening of site and within plot,,,
St Croix,Krause Lagoon,B,2022,11/17/2021,No,yes,13:45,NA,"KWG, HS, AND, AH",30,27.5,60.9,4,35.59,43218,16613,NA,No,"10 out of 10, nice plot, would sample again, standing water throughout plot",,,
St Croix,Krause Lagoon,B,2022,11/17/2021,No,yes,13:45,NA,"KWG, HS, AND, AH",30,27.2,50.2,3.23,35,53729,34620,NA,No,"10 out of 10, nice plot, would sample again, standing water throughout plot",,,
St Croix,Krause Lagoon,B,2022,11/17/2021,No,yes,13:45,NA,"KWG, HS, AND, AH",29,27.5,58.3,3.75,34.97,53098,35421,NA,No,"10 out of 10, nice plot, would sample again, standing water throughout plot",,,
St Croix,Krause Lagoon,C,2022,11/17/2021,No,yes,16:40,NA,"KWG, HS, AND, AH",29,28.1,53.4,3.38,35.72,54100,35191,NA,No,Standing water throughout plot,,,
St Croix,Krause Lagoon,C,2022,11/17/2021,No,yes,16:40,NA,"KWG, HS, AND, AH",19,27.1,42.29,2.69,33.73,54222,35231,NA,No,Standing water throughout plot,,,
St Croix,Krause Lagoon,C,2022,11/17/2021,No,yes,16:40,NA,"KWG, HS, AND, AH",29,28,55,3.37,35.83,54136,35246,NA,No,Standing water throughout plot,,,
St John,Lameshur Bay,A,2022,10/26/2021,No,No,11:35,NA,"KWG, AND, AH, KH, LP",16.1,31.7,121.2,7.45,34.31,52259,34029,NA,No,halophila,,,
St John,Lameshur Bay,A,2022,10/26/2021,No,No,11:35,NA,"KWG, AND, AH, KH, LP",14.5,32.5,129.7,7.82,34.67,52950,34415,NA,No,halophila,,,
St John,Lameshur Bay,A,2022,10/26/2021,No,No,11:35,NA,"KWG, AND, AH, KH, LP",9.6,32.8,124.5,7.47,34.9,53128,34585,NA,No,halophila,,,
St John,Lameshur Bay,B,2022,10/26/2021,No,No,10:20,NA,"KWG, AND, AH, KH, LP",12,30.9,102.6,6.25,34.32,52368,34064,NA,No,halophila,,,
St John,Lameshur Bay,B,2022,10/26/2021,No,No,10:20,NA,"KWG, AND, AH, KH, LP",4.8,31.3,122.6,7.54,34.51,52680,34237,NA,No,halophila,,,
St John,Lameshur Bay,B,2022,10/26/2021,No,No,10:20,NA,"KWG, AND, AH, KH, LP",7,30.6,110.9,6.89,34.91,53172,34564,NA,No,halophila,,,
St John,Lameshur Bay,C,2022,10/26/2021,No,Yes,13:00,NA,"KWG, AND, AH, KH, LP",7.5,32.5,145.2,8.73,34.7,52924,34405,NA,No,halophila,,,
St John,Lameshur Bay,C,2022,10/26/2021,No,Yes,13:00,NA,"KWG, AND, AH, KH, LP",14.7,32.9,137.8,8.76,34.71,53001,34444,NA,No,halophila,,,
St John,Lameshur Bay,C,2022,10/26/2021,No,Yes,13:00,NA,"KWG, AND, AH, KH, LP",13,31.7,97.2,5.91,34.92,52244,34602,NA,No,halophila,,,
St Thomas,Magens Bay,A,2022,10/22/2021,No,Yes,9:40,NA,"HAS, LU, LP, AND, KWG, AJH",18.6,25.5,6.6,0.45,4.45,80951,4139,NA,No,Twin propagules in site,,,
St Thomas,Magens Bay,A,2022,10/22/2021,No,Yes,9:40,NA,"HAS, LU, LP, AND, KWG, AJH",12.8,25.3,15.3,1.18,4.43,8030,5195,NA,No,Twin propagules in site,,,
St Thomas,Magens Bay,A,2022,10/22/2021,No,Yes,9:40,NA,"HAS, LU, LP, AND, KWG, AJH",24.7,26.1,10.8,0.77,5.76,10255,6602,NA,No,Twin propagules in site,,,
St Thomas,Magens Bay,B,2022,10/22/2021,No,No,14:22,NA,"HAS, LU, LP, AND, KWG, AJH",23.1,26.9,11.5,0.9,4.84,9713,5663,NA,No,22 m from hiking path. GPS MB-B entrance is closest way in,,,
St Thomas,Magens Bay,B,2022,10/22/2021,No,No,14:22,NA,"HAS, LU, LP, AND, KWG, AJH",20,26.4,5.4,0.41,4.87,8765,5697,NA,No,22 m from hiking path. GPS MB-B entrance is closest way in,,,
St Thomas,Magens Bay,B,2022,10/22/2021,No,No,14:22,NA,"HAS, LU, LP, AND, KWG, AJH",24.9,27.5,9.2,0.67,5.24,9370,6095,NA,No,22 m from hiking path. GPS MB-B entrance is closest way in,,,
St Thomas,Magens Bay,C,2022,11/30/2021,No,no,9:26,NA,"HAS, LU, LP, AND, KWG, AJH",20.5,26.3,36,2.57,3.76,6643,4384,NA,No,YSI done outside of plot at channel edge because there was no standing water in the plot. LARA seedlings at the channel edge. At 13.5 m transitions from red to white,,,
St Thomas,Magens Bay,C,2022,11/30/2021,No,no,9:26,NA,"HAS, LU, LP, AND, KWG, AJH",10,26.6,37.1,2.94,7.85,13852,8432,NA,No,YSI done outside of plot at channel edge because there was no standing water in the plot. LARA seedlings at the channel edge. At 13.5 m transitions from red to white,,,
St Thomas,Magens Bay,C,2022,11/30/2021,No,no,9:26,NA,"HAS, LU, LP, AND, KWG, AJH",22,25.8,43.9,3.01,7.87,13599,8864,NA,No,YSI done outside of plot at channel edge because there was no standing water in the plot. LARA seedlings at the channel edge. At 13.5 m transitions from red to white,,,
St Thomas,Mandahl Bay,A,2022,10/1/2021,No,yes,9:13,NA,"LU, LP, HAS, KH",1.4,28.1,32.2,2.56,0.33,545,505,NA,Yes,THPO in plot,,,
St Thomas,Mandahl Bay,A,2022,10/1/2021,No,yes,9:13,NA,"LU, LP, HAS, KH",7,29.7,49.1,3.1,35.28,53635,34873,NA,Yes,THPO in plot,,,
St Thomas,Mandahl Bay,A,2022,10/1/2021,No,yes,9:13,NA,"LU, LP, HAS, KH",6,29.5,48.6,3.03,36.29,54970,35736,NA,No,THPO in plot,,,
St Thomas,Mandahl Bay,B,2022,10/1/2021,No,yes,13:01,NA,"LU, LP, HAS, KH",7,31.2,75,5.5,0.23,450.7,305,NA,Yes,Sargassum in plot,,,
St Thomas,Mandahl Bay,B,2022,10/1/2021,No,yes,13:01,NA,"LU, LP, HAS, KH",33,31.7,91,5.48,36.3,55105,35817,NA,Yes,Sargassum in plot,,,
St Thomas,Mandahl Bay,B,2022,10/1/2021,No,yes,13:01,NA,"LU, LP, HAS, KH",11.6,30.8,60.6,3.68,36.39,55156,35852,NA,Yes,Sargassum in plot,,,
St Thomas,Mandahl Bay,C,2022,10/12/2021,No,yes,9:01,NA,"LU, LP, HAS, KH",8.5,28.3,51.9,3.31,36.4,55067,35799,NA,No,"Lots of LARA seedlings and saplings, RHMA saplings, old LARA with exposed roots, rusted out collapsed culvert, THPO in plot",,,
St Thomas,Mandahl Bay,C,2022,10/12/2021,No,yes,9:01,NA,"LU, LP, HAS, KH",6.3,28.4,58.3,3.7,36.44,55119,35827,NA,No,"Lots of LARA seedlings and saplings, RHMA saplings, old LARA with exposed roots, rusted out collapsed culvert, THPO in plot",,,
St Thomas,Mandahl Bay,C,2022,10/12/2021,No,yes,9:01,NA,"LU, LP, HAS, KH",4.3,28.4,59,3.74,36.42,55135,351818,NA,No,"Lots of LARA seedlings and saplings, RHMA saplings, old LARA with exposed roots, rusted out collapsed culvert, THPO in plot",,,
St John,Mary Creek,A,2022,4/5/2022,no,no,10:20,10:25,"KWG, AND, LU, LP, KH",11.9,33,172.5,7.78,87.39,116960,76028,NA,no,"samples from narrow salt pond NW of plot, fish kill",,,
St John,Mary Creek,A,2022,4/5/2022,no,no,10:20,10:25,"KWG, AND, LU, LP, KH",7,34,207.6,9.18,87.96,117656,76470,NA,no,"samples from narrow salt pond NW of plot, fish kill",,,
St John,Mary Creek,A,2022,4/5/2022,no,no,10:20,10:25,"KWG, AND, LU, LP, KH",7.9,32.8,163.2,7.48,85.84,115168,74897,NA,no,"samples from narrow salt pond NW of plot, fish kill",,,
St John,Mary Creek,B,2022,4/5/2022,no,no,9:15,9:20,"KWG, AND, LU, LP, KH",2.9,28.4,123.3,5.96,85.9,115119,74888,NA,no,"samples from narrow salt pond N of plot, fish kill",,,
St John,Mary Creek,B,2022,4/5/2022,no,no,9:15,9:20,"KWG, AND, LU, LP, KH",5,28.8,133,6.33,87.84,117242,76218,NA,no,"samples from narrow salt pond N of plot, fish kill",,,
St John,Mary Creek,B,2022,4/5/2022,no,no,9:15,9:20,"KWG, AND, LU, LP, KH",4.5,28.9,132.1,6.3,87.62,116981,76032,NA,no,"samples from narrow salt pond N of plot, fish kill",,,
St John,Mary Creek,C,2022,4/5/2022,no,no,11:00,11:24,"KWG, AND, LU, LP, KH",7,34.6,170.2,7.39,90,120040,78045,NA,no,"samples from narrow salt pond E of plot, fish kill",,,
St John,Mary Creek,C,2022,4/5/2022,no,no,11:00,11:24,"KWG, AND, LU, LP, KH",8.4,34.3,155.2,6.88,87.29,117075,76228,NA,no,"samples from narrow salt pond E of plot, fish kill",,,
St John,Mary Creek,C,2022,4/5/2022,no,no,11:00,11:24,"KWG, AND, LU, LP, KH",2.7,34.8,169.6,9.37,87.58,117037,76240,NA,no,"samples from narrow salt pond E of plot, fish kill",,,
St Thomas,Perseverance Bay,A,2022,9/23/2021,no,yes,10:10,NA,"KWG, KH, HAS",22,29.9,32.5,2,10.76,18325,11883,NA,No,,,,
St Thomas,Perseverance Bay,A,2022,9/23/2021,no,yes,10:10,NA,"KWG, KH, HAS",24.4,29,36.2,2.6,10.83,18338,11923,NA,No,,,,
St Thomas,Perseverance Bay,A,2022,9/23/2021,no,yes,10:10,NA,"KWG, KH, HAS",25,29.1,30.2,2.18,10.91,18526,12033,NA,No,,,,
St Thomas,Perseverance Bay,B,2022,9/23/2021,no,yes,13:40,NA,"KWG, KH, HAS",31,36.4,132.9,8.53,11.03,18890,12275,NA,No,,,,
St Thomas,Perseverance Bay,B,2022,9/23/2021,no,yes,13:40,NA,"KWG, KH, HAS",17.5,35.6,126.3,8.15,10.91,18859,12286,NA,No,,,,
St Thomas,Perseverance Bay,B,2022,9/23/2021,no,yes,13:40,NA,"KWG, KH, HAS",31,35.8,126.3,8.2,11.12,19119,12419,NA,No,,,,
St Thomas,Perseverance Bay,C,2022,9/23/2021,no,yes,15:13,NA,"KWG, KH, HAS",24,34.5,99.5,6.51,10.92,18627,12139,NA,No,,,,
St Thomas,Perseverance Bay,C,2022,9/23/2021,no,yes,15:13,NA,"KWG, KH, HAS",25.5,34.5,100.5,6.61,10.92,18698,12151,NA,No,,,,
St Thomas,Perseverance Bay,C,2022,9/23/2021,no,yes,15:13,NA,"KWG, KH, HAS",23,34.4,101.5,6.76,10.98,18769,12198,NA,No,,,,
St John,Princess Bay,A,2022,10/29/2021,No,Yes,10:02,NA,"AND, AJH, KWG, HAS, LU, JCC",5.5,28.3,45.9,2.92,35.74,54067,35154,NA,No,halophila and syringodium,,,
St John,Princess Bay,A,2022,10/29/2021,No,Yes,10:02,NA,"AND, AJH, KWG, HAS, LU, JCC",13,28.1,44.2,2.82,35.96,54479,35409,NA,No,halophila and syringodium,,,
St John,Princess Bay,A,2022,10/29/2021,No,Yes,10:02,NA,"AND, AJH, KWG, HAS, LU, JCC",10.5,29.2,49.6,3.11,36.02,54620,35531,NA,No,halophila and syringodium,,,
St John,Princess Bay,B,2022,10/25/2021,No,Yes,12:36,NA,"AND, AJH, KWG, HAS, LU, JCC",22,31.4,81.5,4.96,35.29,53731,34916,NA,No,halophila floating in site as well as sargassum,,,
St John,Princess Bay,B,2022,10/25/2021,No,Yes,12:36,NA,"AND, AJH, KWG, HAS, LU, JCC",17,32.1,76.6,4.66,35.35,53841,34998,NA,No,halophila floating in site as well as sargassum,,,
St John,Princess Bay,B,2022,10/25/2021,No,Yes,12:36,NA,"AND, AJH, KWG, HAS, LU, JCC",12,32.6,67.4,4.02,35.92,54641,35505,NA,No,halophila floating in site as well as sargassum,,,
St John,Princess Bay,C,2022,10/29/2021,Yes,Yes,11:21,NA,"AND, AJH, KWG, HAS, LU, JCC",14.9,29.7,65.7,4.08,35.38,53770,34950,NA,No,halophila floating in site as well as sargassum,,,
St John,Princess Bay,C,2022,10/29/2021,Yes,Yes,11:21,NA,"AND, AJH, KWG, HAS, LU, JCC",5.4,29.9,59.5,3.68,36.01,54613,35499,NA,No,halophila floating in site as well as sargassum,,,
St John,Princess Bay,C,2022,10/29/2021,Yes,Yes,11:21,NA,"AND, AJH, KWG, HAS, LU, JCC",1.8,30.9,75.3,4.6,36.02,54754,35577,NA,Yes,halophila floating in site as well as sargassum,,,
St John,Reef Bay,A,2022,12/3/2021,No,Yes,10:11,NA,"LU, KH, LP, AD",9,27,7,0.4,44.88,66150,43000,NA,No,,,,
St John,Reef Bay,A,2022,12/3/2021,No,Yes,10:11,NA,"LU, KH, LP, AD",12,27,13,0.78,46.38,68090,44260,NA,No,,,,
St John,Reef Bay,A,2022,12/3/2021,No,Yes,10:11,NA,"LU, KH, LP, AD",11,27,9,0.54,46.46,68197,44329,NA,No,,,,
St John,Reef Bay,B,2022,12/3/2021,No,Yes,9:06,NA,"LU, KH, LP, AD",13.1,24.5,34.3,1.98,47.68,69683,45270,NA,No,,,,
St John,Reef Bay,B,2022,12/3/2021,No,Yes,9:06,NA,"LU, KH, LP, AD",12.2,24.5,29.2,1.83,48.13,70201,45641,NA,No,,,,
St John,Reef Bay,B,2022,12/3/2021,No,Yes,9:06,NA,"LU, KH, LP, AD",16.8,24.6,32,1.94,48.23,70278,54699,NA,No,,,,
St John,Reef Bay,C,2022,12/8/2021,No,Yes,10:58,NA,"LU, KH, LP, AD",8,30.3,112.3,6.63,45.53,67611,43730,NA,No,,,,
St John,Reef Bay,C,2022,12/8/2021,No,Yes,10:58,NA,"LU, KH, LP, AD",35,30.1,104.8,6.13,46.2,68130,44040,NA,No,,,,
St John,Reef Bay,C,2022,12/8/2021,No,Yes,10:58,NA,"LU, KH, LP, AD",34,29.2,93,5.39,46.5,68506,44540,NA,No,,,,
St Croix,Salt River,A,2022,11/18/2022,N,Yes,8:57,NA,"KWG, HS, AND, AH",24,26.6,39.7,2.61,35.02,53129,34544,NA,N,"THPO in plot, RHMA fringe is growing on a 4ft clay berm",,,
St Croix,Salt River,A,2022,11/18/2022,N,Yes,8:57,NA,"KWG, HS, AND, AH",32,26.8,62.7,4.09,35.04,53122,34533,NA,N,"THPO in plot, RHMA fringe is growing on a 4ft clay berm",,,
St Croix,Salt River,A,2022,11/18/2022,N,Yes,8:57,NA,"KWG, HS, AND, AH",23,26.9,63.3,4.14,34.8,32842,34358,NA,N,"THPO in plot, LARA fringe is growing on a 4ft clay berm",,,
St Croix,Salt River,B,2022,11/18/2022,N,Yes,11:31,NA,"KWG, HS, AND, AH",27.2,27.3,78.8,5.08,34.99,53179,34578,NA,N,Marine debris tire,,,
St Croix,Salt River,B,2022,11/18/2022,N,Yes,11:31,NA,"KWG, HS, AND, AH",38.5,27.4,78.6,5.02,35.16,53313,34662,NA,N,Marine debris tire,,,
St Croix,Salt River,B,2022,11/18/2022,N,Yes,11:31,NA,"KWG, HS, AND, AH",35.8,26.8,83.6,5.34,35.1,53286,34637,NA,N,Marine debris tire,,,
St Croix,Salt River,C,2022,11/18/2022,N,Yes,14:38,NA,"KWG, HS, AND, AH",27.5,28,77.5,4.86,34.99,53164,34566,NA,N,COER on way in,,,
St Croix,Salt River,C,2022,11/18/2022,N,Yes,14:38,NA,"KWG, HS, AND, AH",18.1,27.8,72.3,4.63,35.1,53286,34637,NA,N,COER on way in,,,
St Croix,Salt River,C,2022,11/18/2022,N,Yes,14:38,NA,"KWG, HS, AND, AH",28.2,27.8,73.2,4.66,35.06,53261,34637,NA,N,COER on way in,,,
St Croix,Southgate,A,2022,11/16/2021,No,No,8:24,NA,"KWG, HS, AND, AH",2,26.1,107.7,7.59,25.07,39401,25609,NA,No,,,,
St Croix,Southgate,A,2022,11/16/2021,No,No,8:24,NA,"KWG, HS, AND, AH",2.5,25.9,111,7.84,26.34,41241,26877,NA,No,,,,
St Croix,Southgate,A,2022,11/16/2021,No,No,8:24,NA,"KWG, HS, AND, AH",3.5,25.8,108.9,6.27,61.79,87149,56655,NA,No,,,,
St Croix,Southgate,B,2022,11/16/2021,No,No,10:08,NA,"KWG, HS, AND, AH",7,28.7,165.3,10.35,39.19,58773,38211,NA,No,,,,
St Croix,Southgate,B,2022,11/16/2021,No,No,10:08,NA,"KWG, HS, AND, AH",8.5,28.1,197.6,12.47,39.59,59298,38546,NA,No,,,,
St Croix,Southgate,B,2022,11/16/2021,No,No,10:08,NA,"KWG, HS, AND, AH",7,29.1,236.8,14.66,39.79,59611,38748,NA,No,,,,
St Croix,Southgate,C,2022,11/16/2021,Yes,Yes,13:41,NA,"KWG, HS, AND, AH",1.5,31.4,75.5,5.55,0.09,217,136,NA,Yes,,,,
St Croix,Southgate,C,2022,11/16/2021,Yes,Yes,13:41,NA,"KWG, HS, AND, AH",7,34.7,230.1,12.58,45.68,67633,43943,NA,Yes,,,,
St Croix,Southgate,C,2022,11/16/2021,Yes,Yes,13:41,NA,"KWG, HS, AND, AH",3,34.7,110.9,6,47.75,70279,45678,NA,Yes,,,,
St Thomas,STEER Basin,A,2022,10/19/2021,No,yes,12:24,NA,"KWG, AND, KT, HL, LU, LP, KH",9.8,39.3,311.5,17.22,32.83,50689,33015,NA,Yes,Mostly dead mangroves,,,
St Thomas,STEER Basin,A,2022,10/19/2021,No,yes,12:24,NA,"KWG, AND, KT, HL, LU, LP, KH",19.4,39.3,320.9,17.69,32.91,50888,33091,NA,Yes,Mostly dead mangroves,,,
St Thomas,STEER Basin,A,2022,10/19/2021,No,yes,12:24,NA,"KWG, AND, KT, HL, LU, LP, KH",13.3,39.5,320.3,17.32,32.9,50922,33091,NA,Yes,Mostly dead mangroves,,,
St Thomas,STEER Basin,B,2022,2/22/2022,yes,no,11:53,12:07,"KWG, AND, KT, HL, LU, LP, KH",2.8,26.8,100,7.18,20.49,32851,21356,NA,yes,rained during sample,,,
St Thomas,STEER Basin,B,2022,2/22/2022,no,yes,12:53,13:07,"KWG, AND, KT, HL, LU, LP, KH",14.5,26.3,66.5,4.24,38.71,58101,37783,NA,no,rained during sample,,,
St Thomas,STEER Basin,B,2022,2/22/2022,no,yes,13:53,14:07,"KWG, AND, KT, HL, LU, LP, KH",21.5,26.3,67.1,4.31,38.76,58157,37826,NA,no,rained during sample,,,
St Thomas,STEER Basin,C,2022,2/22/2022,no,yes,13.47,13:54,"KWG, AND, KT, HL, LU, LP, KH",21.5,28,103.9,6.93,29.75,46050,29935,NA,no,,,,
St Thomas,STEER Basin,C,2022,2/22/2022,yes,yes,13.47,13:54,"KWG, AND, KT, HL, LU, LP, KH",10.4,29.4,65.5,4.23,30.3,46820,30434,NA,yes,,,,
St Thomas,STEER Basin,C,2022,2/22/2022,yes,yes,13.47,13:54,"KWG, AND, KT, HL, LU, LP, KH",11.6,27.6,108.9,7.29,31.09,47846,31116,NA,yes,,,,
St Thomas,STEER Fringe,A,2022,10/15/2021,No,yes,9:34,NA,"HAS, KH, LU, LP, KWG, KT, AND",9.5,29.2,101.6,6.55,31,47860,31075,NA,Yes,"Culerpa mat on ground, sargassum, dwarf forest so many trees below DBH, all RHMA with lots of Herbivory",,,
St Thomas,STEER Fringe,A,2022,10/15/2021,No,yes,9:34,NA,"HAS, KH, LU, LP, KWG, KT, AND",6.5,28.6,107.5,6.98,31.74,48750,31738,NA,Yes,"Culerpa mat on ground, sargassum, dwarf forest so many trees below DBH, all RHMA with lots of Herbivory",,,
St Thomas,STEER Fringe,A,2022,10/15/2021,No,yes,9:34,NA,"HAS, KH, LU, LP, KWG, KT, AND",10,28.7,105.8,6.85,31.86,48935,31808,NA,Yes,"Culerpa mat on ground, sargassum, dwarf forest so many trees below DBH, all RHMA with lots of Herbivory",,,
St Thomas,STEER Fringe,B,2022,10/15/2021,No,yes,11:57,NA,"HAS, KH, LU, LP, KWG, KT, AND",1.5,33.3,43.8,2.75,22.94,36350,23608,NA,Yes,Albino RHMA propagules,,,
St Thomas,STEER Fringe,B,2022,10/15/2021,No,yes,11:57,NA,"HAS, KH, LU, LP, KWG, KT, AND",2,33.6,48.3,2.99,24,38135,24795,NA,Yes,Albino RHMA propagules,,,
St Thomas,STEER Fringe,B,2022,10/15/2021,No,yes,11:57,NA,"HAS, KH, LU, LP, KWG, KT, AND",1.5,31.3,53.6,3.46,24.17,38311,24901,NA,Yes,Albino RHMA propagules,,,
St Thomas,STEER Fringe,C,2022,10/19/2021,No,yes,8:55,NA,"HAS, KH, LU, LP, KWG, KT, AND",19.3,28.6,36,2.44,16.7,27276,17713,NA,Yes,,,,
St Thomas,STEER Fringe,C,2022,10/19/2021,No,yes,8:55,NA,"HAS, KH, LU, LP, KWG, KT, AND",14.2,28.8,27.4,1.88,19.92,320568,20852,NA,Yes,,,,
St Thomas,STEER Fringe,C,2022,10/19/2021,No,yes,8:55,NA,"HAS, KH, LU, LP, KWG, KT, AND",8,29.1,37.1,2.41,21.88,34894,22699,NA,Yes,,,,
St John,Turner Bay,A,2022,12/2/2021,No,Yes,11:45,NA,"LU, LP, AH, KH",14.8,26.8,37.5,2.45,35.74,54082,35153,NA,No,,,,
St John,Turner Bay,A,2022,12/2/2021,No,Yes,11:45,NA,"LU, LP, AH, KH",19.7,26.9,17.5,1.12,35.91,54358,35332,NA,No,,,,
St John,Turner Bay,A,2022,12/2/2021,No,Yes,11:45,NA,"LU, LP, AH, KH",12,26.8,22,1.42,36,54468,35405,NA,No,,,,
St John,Turner Bay,B,2022,12/8/2021,No,Yes,12:40,NA,"LU, LP, AH, KH",34.8,27.6,74,5.44,35.39,53680,34395,NA,No,,,,
St John,Turner Bay,B,2022,12/8/2021,No,Yes,12:40,NA,"LU, LP, AH, KH",35,27.8,72,4.46,35.44,53759,34945,NA,No,,,,
St John,Turner Bay,B,2022,12/8/2021,No,Yes,12:40,NA,"LU, LP, AH, KH",35.5,27.6,77.5,5.02,35.41,53807,34985,NA,No,,,,
St John,Turner Bay,C,2022,12/10/2021,No,Yes,9:36,NA,"LU, LP, AH, KH",8,26.7,48.1,3.75,35.3,53499,22490,NA,No,,,,
St John,Turner Bay,C,2022,12/10/2021,No,Yes,9:36,NA,"LU, LP, AH, KH",11,27,58.8,3.8,35.14,53245,34699,NA,No,,,,
St John,Turner Bay,C,2022,12/10/2021,No,Yes,9:36,NA,"LU, LP, AH, KH",7,26.8,50.7,3.15,35.3,53475,34777,NA,No,,,,
St Thomas,Vessup Bay,A,2022,9/28/2021,no,yes,9:59,NA,"HAS, LP, KH, KWG",2.4,31.5,86.8,6.32,0.68,950,608,NA,Yes,"Deer Herbivory on red mangroves, almost no mangrove canopy. Maho at the southern edge. Halophyla stiplaca along the northern edge with sargassum",,,76032
St Thomas,Vessup Bay,A,2022,9/28/2021,no,yes,9:59,NA,"HAS, LP, KH, KWG",6.2,31.1,6.2,0.34,35.7,54253,35265,NA,Yes,"Deer Herbivory on red mangroves, almost no mangrove canopy. Maho at the southern edge. Halophyla stiplaca along the northern edge with sargassum",,,106576
St Thomas,Vessup Bay,A,2022,9/28/2021,no,yes,9:59,NA,"HAS, LP, KH, KWG",4.4,31.5,79,5.77,15.27,25225,35330,NA,Yes,"Deer Herbivory on red mangroves, almost no mangrove canopy. Maho at the southern edge. Halophyla stiplaca along the northern edge with sargassum",,,107271
St Thomas,Vessup Bay,B,2022,9/28/2021,no,yes,12:19,NA,"HAS, LP, KH, KWG",15.5,33.9,14.2,0.82,35.76,54490,35422,NA,Yes,Decaying sargassum,,,107384
St Thomas,Vessup Bay,B,2022,9/28/2021,no,yes,12:19,NA,"HAS, LP, KH, KWG",12,34.2,3,0.17,35.63,54320,35491,NA,No,Decaying sargassum,,,108187
St Thomas,Vessup Bay,B,2022,9/28/2021,no,yes,12:19,NA,"HAS, LP, KH, KWG",16.3,34.3,27.8,1.62,35.92,54710,35533,NA,No,Decaying sargassum,,,108356
St Thomas,Vessup Bay,C,2022,9/30/2021,no,yes,9:06,NA,"HAS, LP, KH, KWG",2,32.1,88.6,6.48,0.11,235.4,149,NA,Yes,Sargassum in plot,,,76028
St Thomas,Vessup Bay,C,2022,9/30/2021,no,yes,9:06,NA,"HAS, LP, KH, KWG",3.5,32.1,105.6,7.09,15.15,25114,16275,NA,Yes,Sargassum in plot,,,76218
St Thomas,Vessup Bay,C,2022,9/30/2021,no,yes,9:06,NA,"HAS, LP, KH, KWG",4,32,113.5,7.56,17.05,28067,18138,NA,Yes,Sargassum in plot,,,76470
St Thomas,Water Creek,A,2022,02/25/2022,yes,yes,9:30,10:58,"TNT, LP, LU, KH, AD, JT",2.5,24.6,99.8,8.36,0,1.7,1,NA,Yes,,,,
St Thomas,Water Creek,A,2022,02/25/2022,yes,yes,9:30,10:58,"TNT, LP, LU, KH, AD, JT",2.5,25.1,99.4,8.22,0,8.8,6,NA,Yes,,,,
St Thomas,Water Creek,A,2022,02/25/2022,yes,yes,9:30,10:58,"TNT, LP, LU, KH, AD, JT",3.2,25.4,99.3,8.19,0.01,14.3,9,NA,Yes,,,,
St Thomas,Water Creek,B,2022,02/25/2022,yes,yes,11:15,12:35,"TNT, LP, LU, KH, AD, JT",-4,24.6,67.5,5.1,17.62,28577,18.57,NA,yes,,,,
St Thomas,Water Creek,B,2022,02/25/2022,yes,yes,11:15,12:35,"TNT, LP, LU, KH, AD, JT",-4.5,26.6,69.4,4.37,43.07,63771,41416,NA,yes,,,,
St Thomas,Water Creek,B,2022,02/25/2022,yes,yes,11:15,12:35,"TNT, LP, LU, KH, AD, JT",1,24.7,77.2,5.16,38.02,57082,37097,NA,yes,,,,
St Thomas,Water Creek,C,2022,02/25/2022,no,yes,13:15,14:35,"TNT, LP, LU, KH, AD, JT",9,27.6,75.3,4.78,36.52,55174,35893,NA,no,,,,
St Thomas,Water Creek,C,2022,02/25/2022,no,yes,13:15,14:35,"TNT, LP, LU, KH, AD, JT",12.5,27.5,70,4.51,36.54,55218,35897,NA,no,,,,
St Thomas,Water Creek,C,2022,02/25/2022,no,yes,13:15,14:35,"TNT, LP, LU, KH, AD, JT",11.5,28.8,90.7,5.78,36.29,54842,35675,NA,no,,,,
St Thomas,Brewers Bay,A,2023,11/22/2022,NA,NA,NA,NA,"TNT, KH",8.2,27.8,NA,NA,25,NA,NA,No YSI,N,No YSI,,,
St Thomas,Brewers Bay,A,2023,11/22/2022,NA,NA,NA,NA,"TNT, KH",6.5,28.4,NA,NA,25,NA,NA,No YSI,N,No YSI,,,
St Thomas,Brewers Bay,A,2023,11/22/2022,NA,NA,NA,NA,"TNT, KH",19.2,28.1,NA,NA,24,NA,NA,No YSI,N,No YSI,,,
St Thomas,Brewers Bay,B,2023,11/22/2022,NA,NA,NA,NA,"TNT, KH",6.8,27.1,NA,NA,14,NA,NA,No YSI,N,No YSI,,,
St Thomas,Brewers Bay,B,2023,11/22/2022,NA,NA,NA,NA,"TNT, KH",5.5,27.1,NA,NA,13,NA,NA,No YSI,N,No YSI,,,
St Thomas,Brewers Bay,B,2023,11/22/2022,NA,NA,NA,NA,"TNT, KH",2.3,26.3,NA,NA,2,NA,NA,No YSI,N,No YSI,,,
St Thomas,Brewers Bay,C,2023,11/22/2022,NA,NA,NA,NA,"TNT,KH",70,26.6,NA,NA,16,NA,NA,No YSI,N,No YSI,,,
St Thomas,Brewers Bay,C,2023,11/22/2022,NA,NA,NA,NA,"TNT,KH",12.8,27.3,NA,NA,16,NA,NA,No YSI,N,No YSI,,,
St Thomas,Brewers Bay,C,2023,11/22/2022,NA,NA,NA,NA,"TNT,KH",89,27.4,NA,NA,10,NA,NA,No YSI,N,No YSI,,,
St Thomas,Compass Point,A,2023,2/9/2023,NA,NA,NA,NA,"TNT,KH",1.5,29.5,30.2,2,34,55916,36340,6.98,N,,,,
St Thomas,Compass Point,A,2023,2/9/2023,NA,NA,NA,NA,"TNT,KH",2,29.6,51.2,3.38,34,55396,36008,7.56,N,,,,
St Thomas,Compass Point,A,2023,2/9/2023,NA,NA,NA,NA,"TNT,KH",2,29.4,60.1,3.99,33,55271,35929,7.63,N,,,,
St Thomas,Compass Point,B,2023,2/9/2023,NA,NA,NA,NA,"TNT,KH",9.7,28.8,282.1,17.32,42.55,63261,41100,8.67,N,,,,
St Thomas,Compass Point,B,2023,2/9/2023,NA,NA,NA,NA,"TNT,KH",10.2,26.1,82.8,5.3,41.97,62339,40520,8.07,N,,,,
St Thomas,Compass Point,B,2023,2/9/2023,NA,NA,NA,NA,"TNT,KH",10.5,29.1,168.5,10.46,41.63,62066,40365,8.63,N,,,,
St Thomas,Compass Point,C,2023,2/9/2023,NA,NA,NA,NA,"TNT,KH",4.5,32.4,249.9,14.64,47.33,61743,40132,9.16,N,,,,
St Thomas,Compass Point,C,2023,2/9/2023,NA,NA,NA,NA,"TNT,KH",6.3,32.2,227.4,13.6,41.75,62164,40474,8.99,N,,,,
St Thomas,Compass Point,C,2023,2/9/2023,NA,NA,NA,NA,"TNT,KH",3.5,32.3,236.1,13.83,41.42,61982,40252,9.1,N,,,,
St John,Francis Bay,A,2023,8/23/2023,NA,NA,NA,NA,"LU, LB",5,36.7,95.5,3.33,124.87,155865,101313,7.82,N,,,,
St John,Francis Bay,A,2023,8/23/2023,NA,NA,NA,NA,"LU, LB",2,38,88.5,3.01,126.66,157728,102516,7.81,N,,,,
St John,Francis Bay,A,2023,8/23/2023,NA,NA,NA,NA,"LU, LB",2,39.5,82.1,2.52,139.84,170149,110811,NA,Y,"pond dried, hence sal spike",,,
St John,Francis Bay,B,2023,8/23/2023,NA,NA,NA,NA,"LU, LB",2.8,38.6,141.6,4.75,129.04,160189,104116,7.78,Y,,,,
St John,Francis Bay,B,2023,8/23/2023,NA,NA,NA,NA,"LU, LB",2.5,39.6,108.5,3.34,142.6,172859,112370,7.66,Y,,,,
St John,Francis Bay,B,2023,8/23/2023,NA,NA,NA,NA,"LU, LB",2,40.1,115.3,3.64,135.38,166432,108356,NA,Y,,,,
St John,Francis Bay,C,2023,8/23/2023,NA,NO,NA,NA,"LU, LB",1.5,38.6,94.2,3.63,101.88,132981,86420,7.62,Y,,,,
St John,Francis Bay,C,2023,8/23/2023,NA,NO,NA,NA,"LU, LB",1,37.9,62.1,2.33,106.36,138202,90048,NA,Y,,,,
St John,Francis Bay,C,2023,8/23/2023,NA,NO,NA,NA,"LU, LB",2,37.6,96.3,3.43,119.44,150795,98083,NA,Y,,,,
St Croix,Great Pond,A,2023,7/13/2023,NA,NO,8:57,NA,"DG, JS, AJH",4,33.4,108.5,3.52,147.05,176257,114587,7.8,Y,HARDLY ANY WATER,,,
St Croix,Great Pond,A,2023,7/13/2023,NA,NO,8:57,NA,"DG, JS, AJH",1.7,32.3,107.7,4.43,105.45,136246,88614,7.62,Y,,,,
St Croix,Great Pond,A,2023,7/13/2023,NA,NO,8:57,NA,"DG, JS, AJH",4,34,108.4,3.36,154.24,182684,118736,7.54,Y,HARDLY ANY WATER,,,
St Croix,Great Pond,B,2023,7/13/2023,NA,NO,NA,NA,"DG, JS, AJH",7.5,32.3,127.9,4.54,134.52,164269,17014,7.78,N,HARDLY ANY WATER,,,
St Croix,Great Pond,B,2023,7/13/2023,NA,NO,NA,NA,"DG, JS, AJH",2,32.3,112.4,3.99,133.67,136851,106576,7.77,Y,HARDLY ANY WATER,,,
St Croix,Great Pond,B,2023,7/13/2023,NA,NO,NA,NA,"DG, JS, AJH",3,32.7,108.8,3.82,135.35,165333,107271,7.74,Y,HARDLY ANY WATER,,,
St Croix,Great Pond,C,2023,7/13/2023,NA,NO,8:15,NA,"DG, JS, AJH",0.2,32.4,101.5,3.9,117.5,148772,96777,7.63,Y,HARDLY ANY WATER,,,
St Croix,Great Pond,C,2023,7/13/2023,NA,NO,8:15,NA,"DG, JS, AJH",0.2,32.3,98.6,3.72,121.28,151909,98757,7.56,Y,HARDLY ANY WATER,,,
St Croix,Great Pond,C,2023,7/13/2023,NA,NO,8:15,NA,"DG, JS, AJH",0.2,32.4,103,3.85,123.25,154170,100130,7.55,Y,,,,
St Croix,Krause Lagoon,A,2023,7/13/2023,NA,NA,11:14,NA,KH,6.5,31.1,123.9,7.59,35.99,54694,35563,8.02,N,,,,
St Croix,Krause Lagoon,A,2023,7/13/2023,NA,NA,11:14,NA,KH,6.5,31.3,121.2,7.36,36.52,55375,35997,7.98,N,,,,
St Croix,Krause Lagoon,A,2023,7/13/2023,NA,NA,11:14,NA,KH,6,31.3,105.9,6.43,36.36,55163,35866,7.88,N,,,,
St Croix,Krause Lagoon,B,2023,7/13/2023,NA,NA,12:08,NA,KH,14.5,29.8,96.5,5.99,36.68,55513,36084,7.45,N,,,,
St Croix,Krause Lagoon,B,2023,7/13/2023,NA,NA,12:08,NA,KH,16,30,84.6,5.23,36.94,55866,36313,7.34,N,,,,
St Croix,Krause Lagoon,B,2023,7/13/2023,NA,NA,12:08,NA,KH,11,29.4,90.7,5.66,36.82,55682,36193,7.31,N,,,,
St Croix,Krause Lagoon,C,2023,7/13/2023,NA,NA,12:32,NA,"LU, KH",17,32.7,126.3,7.54,36.03,54792,35627,7.97,N,,,,
St Croix,Krause Lagoon,C,2023,7/13/2023,NA,NA,12:32,NA,"LU, KH",18,32.7,128.1,7.59,36.63,55577,36124,7.9,N,,,,
St Croix,Krause Lagoon,C,2023,7/13/2023,NA,NA,12:32,NA,"LU, KH",12.5,34.4,125.9,7.25,37.26,56572,36781,7.77,N,,,,
St John,Lameshur Bay,A,2023,8/22/2023,NA,NA,NA,NA,"LU, LB",8,28.6,76,4.83,30.88,47795,30977,7.56,N,RAINING,,,
St John,Lameshur Bay,A,2023,8/22/2023,NA,NA,NA,NA,"LU, LB",10,28.7,84.5,5.45,31.33,48217,31339,7.66,N,RAINING,,,
St John,Lameshur Bay,A,2023,8/22/2023,NA,NA,NA,NA,"LU, LB",8,28.8,84.8,5.43,31.26,48125,51268,7.68,N,RAINING,,,
St John,Lameshur Bay,B,2023,8/22/2023,NA,NA,NA,NA,"LU, LB",5.5,28.7,89.4,5.81,30,46245,30069,7.77,N,RAINING,,,
St John,Lameshur Bay,B,2023,8/22/2023,NA,NA,NA,NA,"LU, LB",6.9,28.7,74.5,4.76,30.54,47135,30635,7.59,N,RAINING,,,
St John,Lameshur Bay,B,2023,8/22/2023,NA,NA,NA,NA,"LU, LB",10,28.8,73.1,4.66,31.42,48341,31420,7.54,N,RAINING,,,
St John,Lameshur Bay,C,2023,8/22/2023,NA,NA,NA,NA,"LU, LB",7,28.5,87,5.67,29.66,45913,21984,7,N,RAINING,,,
St John,Lameshur Bay,C,2023,8/22/2023,NA,NA,NA,NA,"LU, LB",8,28.1,65.6,4.27,30.27,46685,30387,7.38,N,RAINING,,,
St John,Lameshur Bay,C,2023,8/22/2023,NA,NA,NA,NA,"LU, LB",6,28.3,94.1,6.11,31.32,48187,31321,7.74,N,RAINING,,,
St Thomas,Magens Bay,A,2023,8/2/2023,NA,NA,NA,NA,NA,0,NA,NA,NA,NA,NA,NA,NA,NA,NO WATER,,,
St Thomas,Magens Bay,A,2023,8/2/2023,NA,NA,NA,NA,NA,0,NA,NA,NA,NA,NA,NA,NA,NA,NO WATER,,,
St Thomas,Magens Bay,A,2023,8/2/2023,NA,NA,NA,NA,NA,0,NA,NA,NA,NA,NA,NA,NA,NA,NO WATER,,,
St Thomas,Magens Bay,B,2023,8/2/2023,NA,NA,NA,NA,NA,6,31.8,70.6,4.57,22.5,35949,23374,NA,N,,,,
St Thomas,Magens Bay,B,2023,8/2/2023,NA,NA,NA,NA,NA,3,30.4,30,1.98,22.75,36244,23563,NA,N,,,,
St Thomas,Magens Bay,B,2023,8/2/2023,NA,NA,NA,NA,NA,7,34.6,103.4,6.49,22.78,36477,23737,NA,N,,,,
St Thomas,Magens Bay,C,2023,8/2/2023,NA,NA,NA,NA,NA,25,31.1,54.5,34.55,21.61,34603,22491,NA,N,,,,
St Thomas,Magens Bay,C,2023,8/2/2023,NA,NA,NA,NA,NA,34,32.6,73.2,4.68,21.48,34687,22598,NA,N,,,,
St Thomas,Magens Bay,C,2023,8/2/2023,NA,NA,NA,NA,NA,15,34.2,80.4,4.78,21.94,35235,22938,NA,N,,,,
St Thomas,Mandahl Bay,A,2023,11/21/2022,NA,NA,NA,NA,"TNT, KH",9.2,27.2,NA,NA,34,NA,NA,NA,N,NO YSI,,,
St Thomas,Mandahl Bay,A,2023,11/21/2022,NA,NA,NA,NA,"TNT, KH",7.5,27.2,NA,NA,34,NA,NA,NA,N,NO YSI,,,
St Thomas,Mandahl Bay,A,2023,11/21/2022,NA,NA,NA,NA,"TNT, KH",2.1,27.1,NA,NA,32,NA,NA,NA,N,NO YSI,,,
St Thomas,Mandahl Bay,B,2023,11/21/2022,NA,NA,NA,NA,"TNT, KH",7.5,28.8,NA,NA,35,NA,NA,NA,N,NO YSI,,,
St Thomas,Mandahl Bay,B,2023,11/21/2022,NA,NA,NA,NA,"TNT, KH",5.5,28.8,NA,NA,35,NA,NA,NA,N,NO YSI,,,
St Thomas,Mandahl Bay,B,2023,11/21/2022,NA,NA,NA,NA,"TNT, KH",2.5,29,NA,NA,35,NA,NA,NA,N,NO YSI,,,
St Thomas,Mandahl Bay,C,2023,11/21/2022,NA,NA,NA,NA,"TNT, KH",9.5,27.5,NA,NA,35,NA,NA,NA,N,NO YSI,,,
St Thomas,Mandahl Bay,C,2023,11/21/2022,NA,NA,NA,NA,"TNT, KH",2.5,27.8,NA,NA,35,NA,NA,NA,N,NO YSI,,,
St Thomas,Mandahl Bay,C,2023,11/21/2022,NA,NA,NA,NA,"TNT, KH",6.7,27.6,NA,NA,33,NA,NA,NA,N,NO YSI,,,
St John,Mary Creek,A,2023,2/23/2023,NA,NA,NA,NA,NA,6.3,31.6,156.9,8.41,64.68,90945,59101,8.03,N,OUTSIDE OF THE PLOT IN CHANNEL,,,
St John,Mary Creek,A,2023,2/23/2023,NA,NA,NA,NA,NA,6,31.3,151.5,8.01,64.72,90936,59130,8.02,N,OUTSIDE OF THE PLOT IN CHANNEL,,,
St John,Mary Creek,A,2023,2/23/2023,NA,NA,NA,NA,NA,6.5,31.6,157.6,8.28,64.81,91056,59196,8.02,N,OUTSIDE OF THE PLOT IN CHANNEL,,,
St John,Mary Creek,B,2023,2/23/2023,NA,NA,NA,NA,NA,5.8,32.1,136.5,7.05,65.12,91596,59529,7.99,N,,,,
St John,Mary Creek,B,2023,2/23/2023,NA,NA,NA,NA,NA,6,32.4,150.5,7.89,65.09,91408,59356,8,N,,,,
St John,Mary Creek,B,2023,2/23/2023,NA,NA,NA,NA,NA,5.9,31.9,160.5,8.25,64.7,90853,59060,8.01,N,,,,
St John,Mary Creek,C,2023,2/23/2023,NA,NA,NA,NA,NA,15.2,26.8,117.9,7.76,37.11,55968,36879,8.18,N,,,,
St John,Mary Creek,C,2023,2/23/2023,NA,NA,NA,NA,NA,15,27.5,118.1,7.63,37.58,56659,36812,8.16,N,,,,
St John,Mary Creek,C,2023,2/23/2023,NA,NA,NA,NA,NA,15.2,26.7,110.6,7.27,37.24,56138,136488,8.14,N,,,,
St Thomas,Perseverance Bay,A,2023,11/23/2022,NA,NA,NA,NA,"TNT,KH",66.9,NA,NA,NA,9,NA,NA,NA,NA,No YSI;lost temp probe,,,
St Thomas,Perseverance Bay,A,2023,11/23/2022,NA,NA,NA,NA,"TNT,KH",55.8,NA,NA,NA,6,NA,NA,NA,NA,,,,
St Thomas,Perseverance Bay,A,2023,11/23/2022,NA,NA,NA,NA,"TNT,KH",51.5,NA,NA,NA,6,NA,NA,NA,NA,No YSI;rained during sample :(,,,
St Thomas,Perseverance Bay,B,2023,11/23/2022,NA,NA,NA,NA,"TNT,KH",69.5,NA,NA,NA,10,NA,NA,NA,NA,,,,
St Thomas,Perseverance Bay,B,2023,11/23/2022,NA,NA,NA,NA,"TNT,KH",63,NA,NA,NA,10,NA,NA,NA,NA,,,,
St Thomas,Perseverance Bay,B,2023,11/23/2022,NA,NA,NA,NA,"TNT,KH",62.5,NA,NA,NA,10,NA,NA,NA,NA,,,,
St Thomas,Perseverance Bay,C,2023,11/23/2022,NA,NA,NA,NA,"TNT,KH",60.8,NA,NA,NA,7,NA,NA,NA,NA,,,,
St Thomas,Perseverance Bay,C,2023,11/23/2022,NA,NA,NA,NA,"TNT,KH",65.2,NA,NA,NA,6,NA,NA,NA,NA,,,,
St Thomas,Perseverance Bay,C,2023,11/23/2022,NA,NA,NA,NA,"TNT,KH",61.8,NA,NA,NA,6,NA,NA,NA,NA,,,,
St John,Princess Bay,A,2023,2/21/2023,NA,NA,NA,NA,NA,8.3,29.4,61,3.77,38.89,58379,37973,7.31,N,,,,
St John,Princess Bay,A,2023,2/21/2023,NA,NA,NA,NA,NA,7.1,27.1,63.5,4,41.54,61813,40183,6.93,Y,,,,
St John,Princess Bay,A,2023,2/21/2023,NA,NA,NA,NA,NA,7.5,28.2,57.1,3.54,38.97,58511,38035,7.41,Y,,,,
St John,Princess Bay,B,2023,2/21/2023,NA,NA,NA,NA,NA,8,32.1,73.8,4.28,38.75,58452,38003,7.41,N,,,,
St John,Princess Bay,B,2023,2/21/2023,NA,NA,NA,NA,NA,7,29.5,69.8,4.29,38.62,58094,37760,7.55,N,,,,
St John,Princess Bay,B,2023,2/21/2023,NA,NA,NA,NA,NA,6,29,92.2,5.82,35.77,54565,35492,7.7,N,,,,
St John,Princess Bay,C,2023,2/21/2023,NA,NA,NA,NA,NA,9,29,71.2,4.42,37.77,57229,37245,7.37,N,,,,
St John,Princess Bay,C,2023,2/21/2023,NA,NA,NA,NA,NA,3.5,28.2,96.4,6.2,34.89,53088,34488,7.54,Y,,,,
St John,Princess Bay,C,2023,2/21/2023,NA,NA,NA,NA,NA,6,27.7,80.1,5,38.29,57576,37434,7.5,N,,,,
St John,Reef Bay,A,2023,8/24/2023,NA,NA,NA,NA,"LU, AJH, AND",8,32.7,5,NA,53.63,77620,50599,7.56,N,,,,
St John,Reef Bay,A,2023,8/24/2023,NA,NA,NA,NA,"LU, AJH, AND",13,30.6,11.3,0.58,52.72,76306,49602,7.42,N,,,,
St John,Reef Bay,A,2023,8/24/2023,NA,NA,NA,NA,"LU, AJH, AND",16,31.7,10.1,0.5,51.06,74269,48280,7.1,N,,,,
St John,Reef Bay,B,2023,8/24/2023,NA,NA,NA,NA,"LU, AJH, AND",20,32.8,42.3,1.92,55.49,79870,51913,7.83,N,,,,
St John,Reef Bay,B,2023,8/24/2023,NA,NA,NA,NA,"LU, AJH, AND",15.5,32.5,39,2.28,55.08,79342,51571,7.82,N,,,,
St John,Reef Bay,B,2023,8/24/2023,NA,NA,NA,NA,"LU, AJH, AND",11,31.7,29.6,NA,55.04,79254,51515,7.79,N,,,,
St John,Reef Bay,C,2023,8/24/2023,NA,NA,NA,NA,"LU, AJH, AND",17.3,34.2,117.8,6.22,53.54,77544,50405,7.96,N,,,,
St John,Reef Bay,C,2023,8/24/2023,NA,NA,NA,NA,"LU, AJH, AND",14.8,32.9,80.3,4.35,52.76,76495,49728,7.89,N,,,,
St John,Reef Bay,C,2023,8/24/2023,NA,NA,NA,NA,"LU, AJH, AND",15,33.7,65.4,3.36,52.74,76502,49714,7.83,N,,,,
St Croix,Salt River,A,2023,2/15/2023,NA,N,2:00,NA,"AJH, JS",10.75,32.1,186.5,11.05,42.11,62716,40798,8.38,N,,,,
St Croix,Salt River,A,2023,2/15/2023,NA,N,2:00,NA,"AJH, JS",10.7,32.2,195.2,11.45,42.32,63094,41016,8.34,N,,,,
St Croix,Salt River,A,2023,2/15/2023,NA,N,2:00,NA,"AJH, JS",10.1,32.6,190.4,11.47,42.49,63380,41169,8.27,N,,,,
St Croix,Salt River,B,2023,2/15/2023,NA,NA,2:30,NA,"AJH, JS",23,26.4,91.1,5.88,37.44,56408,36666,7.82,N,,,,
St Croix,Salt River,B,2023,2/15/2023,NA,N,2:30,NA,"AJH, JS",29,26.6,91,5.91,37.62,56601,36780,7.8,N,,,,
St Croix,Salt River,B,2023,2/15/2023,NA,N,2:30,NA,"AJH, JS",7,26,77.9,5.11,37.52,56584,36772,7.43,N,,,,
St Croix,Salt River,C,2023,2/15/2023,NA,NA,3:00,NA,KWG,50,26.8,93.4,6.06,37.46,56438,36684,7.85,N,,,,
St Croix,Salt River,C,2023,2/15/2023,NA,NA,3:00,NA,KWG,33,26.8,90.3,5.86,37.51,56488,36719,7.83,N,,,,
St Croix,Salt River,C,2023,2/15/2023,NA,NA,3:00,NA,KWG,15,26.7,83,5.37,37.59,56632,36800,7.7,N,,,,
St Croix,Southgate,A,2023,2/17/2023,NA,NO,NA,NA,"KWG,AND",16,23.7,70,5.43,13.93,23017,14981,8,N,Sampled in pond just outside plot ,,,
St Croix,Southgate,A,2023,2/17/2023,NA,NO,NA,NA,"KWG,AND",15,23.7,61.2,4.74,13.93,23086,14988,7.83,N,Sampled in pond just outside plot ,,,
St Croix,Southgate,A,2023,2/17/2023,NA,NO,NA,NA,"KWG,AND",12.8,23.5,53.8,4.18,13.92,23026,14978,7.75,N,Sampled in pond just outside plot ,,,
St Croix,Southgate,B,2023,2/17/2023,NA,NO,NA,NA,"KWG,AND",28,23.4,80.1,6.31,13.42,22279,14482,8.75,N,Sampled in pond just outside plot ,,,
St Croix,Southgate,B,2023,2/17/2023,NA,NO,NA,NA,"KWG,AND",29,23.4,82.1,6.46,13.4,22255,14469,8.74,N,Sampled in pond just outside plot ,,,
St Croix,Southgate,B,2023,2/17/2023,NA,NO,NA,NA,"KWG,AND",11.5,23.7,67.3,5.26,13.36,22176,14412,8.6,N,Sampled in pond just outside plot ,,,
St Croix,Southgate,C,2023,2/17/2023,NA,NO,NA,NA,"KWG,AND",37,23.8,61.3,4.73,13.57,22509,14630,8.95,N,Sampled in pond just outside plot ,,,
St Croix,Southgate,C,2023,2/17/2023,NA,NO,NA,NA,"KWG,AND",40,23.9,56.3,4.39,13.56,22491,14620,8.92,N,Sampled in pond just outside plot ,,,
St Croix,Southgate,C,2023,2/17/2023,NA,NO,NA,NA,"KWG,AND",35,23.8,51.8,4.02,13.54,22467,14601,8.91,N,Sampled in pond just outside plot ,,,
St Thomas,STEER Basin,A,2023,1/12/2023,NA,NA,3:07,NA,"KWG,AND,JS,JP,LU,KT",12,33.8,130,8.4,16.86,27743,18047,8.42,N,Outside Plot,,,
St Thomas,STEER Basin,A,2023,1/12/2023,NA,NA,3:07,NA,"KWG,AND,JS,JP,LU,KT",17.7,34.2,127.8,8.2,17.77,29097,18912,8.41,N,Outside Plot,,,
St Thomas,STEER Basin,A,2023,1/12/2023,NA,NA,3:07,NA,"KWG,AND,JS,JP,LU,KT",12.8,32.9,98,6.43,17.31,28378,18446,8.34,N,Outside Plot,,,
St Thomas,STEER Basin,B,2023,1/12/2023,NA,NA,NA,NA,"KWG,AND,JS,JP,LU,KT",4.3,30.2,102.1,6.61,27.3,42745,27760,8.22,Y,,,,
St Thomas,STEER Basin,B,2023,1/12/2023,NA,NA,NA,NA,"KWG,AND,JS,JP,LU,KT",5.8,30.7,86.5,5.54,27.65,43176,28069,8.05,Y,Outside Plot,,,
St Thomas,STEER Basin,B,2023,1/12/2023,NA,NA,NA,NA,"KWG,AND,JS,JP,LU,KT",2.9,27.7,85.3,5.69,28.67,44502,28926,7.78,Y,Outside Plot,,,
St Thomas,STEER Basin,C,2023,1/12/2023,NA,NA,2:33,NA,"KWG,AND,JS,JP,LU,KT",6.5,32.2,27.2,1.84,6.13,10926,7101,8.24,N,Outside Plot,,,
St Thomas,STEER Basin,C,2023,1/12/2023,NA,NA,2:33,NA,"KWG,AND,JS,JP,LU,KT",7.5,29,19,1.27,11.67,19678,12774,8.21,N,Outside Plot,,,
St Thomas,STEER Basin,C,2023,1/12/2023,NA,NA,2:33,NA,"KWG,AND,JS,JP,LU,KT",9.4,29.2,9.1,0.57,16.12,26477,17213,7.75,n,Outside Plot,,,
St Thomas,STEER Fringe,A,2023,1/12/2023,NA,NA,9:13 AM,3:07 PM,"KWG,AND,JS,JP,LU,KT",6.2,25.9,69.4,4.69,33.2,50736,33015,7.78,N,Standing H2O Site,,,
St Thomas,STEER Fringe,A,2023,1/12/2023,NA,NA,9:13 AM,3:07 PM,"KWG,AND,JS,JP,LU,KT",7.8,23.9,64.2,4.31,33.16,50656,32596,7.68,N,Standing H2O Site,,,
St Thomas,STEER Fringe,A,2023,1/12/2023,NA,NA,9:13 AM,3:07 PM,"KWG,AND,JS,JP,LU,KT",8.8,25.6,65.1,4.41,32.27,49469,32192,7.61,N,Standing H2O Site,,,
St Thomas,STEER Fringe,B,2023,1/12/2023,NA,NA,9:13 AM,3:07 PM,"KWG,AND,JS,JP,LU,KT",3.8,26,80.3,5.65,24.32,38415,24996,7.91,Y,Standing in Plot,,,
St Thomas,STEER Fringe,B,2023,1/12/2023,NA,NA,9:13 AM,3:07 PM,"KWG,AND,JS,JP,LU,KT",3.5,25.2,40.3,2.51,22.98,36868,24256,7.6,N,Standing in Plot,,,
St Thomas,STEER Fringe,B,2023,1/12/2023,NA,NA,9:13 AM,3:07 PM,"KWG,AND,JS,JP,LU,KT",5.1,25,34.2,2.35,10.94,18640,12001,7.59,Y,Standing in Plot,,,
St Thomas,STEER Fringe,C,2023,1/12/2023,NA,NA,NA,NA,"KWG,AND,JS,JP,LU,KT",4,28.1,81,5.79,14.7,24186,16509,7.4,Y,,,,
St Thomas,STEER Fringe,C,2023,1/12/2023,NA,NA,9:13 AM,3:07 PM,"KWG,AND,JS,JP,LU,KT",4.7,27.5,71.3,4.89,20.41,32860,21315,7.61,Y,,,,
St Thomas,STEER Fringe,C,2023,1/12/2023,NA,NA,NA,NA,"KWG,AND,JS,JP,LU,KT",7.9,25.8,35.2,2.48,20.6,32989,21444,7.54,Y,,,,
St John,Turner Bay,A,2023,8/22/2023,NA,NA,NA,NA,"LU, LB",10,26.6,24.4,1.77,8.94,15390,10011,NA,N,,,,
St John,Turner Bay,A,2023,8/22/2023,NA,NA,NA,NA,"LU, LB",9,26.6,34.4,2.51,9.13,15709,10217,NA,N,,,,
St John,Turner Bay,A,2023,8/22/2023,NA,NA,NA,NA,"LU, LB",10,26.7,31.1,2.27,11.37,19208,12493,NA,N,,,,
St John,Turner Bay,B,2023,8/22/2023,NA,NA,NA,NA,"LU, LB",17.5,27.1,64.4,4.76,7.65,13281,8611,NA,N,,,,
St John,Turner Bay,B,2023,8/22/2023,NA,NA,NA,NA,"LU, LB",21.8,27.3,73.2,4.91,8.57,14652,9528,NA,N,,,,
St John,Turner Bay,B,2023,8/22/2023,NA,NA,NA,NA,"LU, LB",22.5,27.7,43.1,3.13,13.05,21777,14177,NA,N,,,,
St John,Turner Bay,C,2023,8/22/2023,NA,NA,NA,NA,"LU, LB",26,27.8,58,4.21,11.34,19177,12468,NA,N,,,,
St John,Turner Bay,C,2023,8/22/2023,NA,NA,NA,NA,"LU, LB",21,27,62.6,4.52,12.63,21188,13786,NA,N,,,,
St John,Turner Bay,C,2023,8/22/2023,NA,NA,NA,NA,"LU, LB",21.8,28.1,58.8,4.02,21.2,33928,22059,NA,N,,,,
St Thomas,Vessup Bay,A,2023,11/21/2022,NA,NA,NA,NA,"TNT, KH",6,30.1,NA,NA,31,NA,NA,NA,N,,,,
St Thomas,Vessup Bay,A,2023,11/21/2022,NA,NA,NA,NA,"TNT, KH",4,30,NA,NA,31,NA,NA,NA,N,,,,
St Thomas,Vessup Bay,A,2023,11/21/2022,NA,NA,NA,NA,"TNT, KH",5,29.6,NA,NA,30,NA,NA,NA,N,,,,
St Thomas,Vessup Bay,B,2023,11/21/2022,NA,NA,NA,NA,"TNT, KH",11,30.5,NA,NA,31,NA,NA,NA,N,,,,
St Thomas,Vessup Bay,B,2023,11/21/2022,NA,NA,NA,NA,"TNT, KH",12,30.9,NA,NA,30,NA,NA,NA,N,,,,
St Thomas,Vessup Bay,B,2023,11/21/2022,NA,NA,NA,NA,"TNT, KH",10.5,30.4,NA,NA,30,NA,NA,NA,N,,,,
St Thomas,Vessup Bay,C,2023,2/9/2023,NA,NA,10:06,NA,"TNT,KH",5,24.8,71.4,4.78,34.27,52067,33842,7.57,N,,,,
St Thomas,Vessup Bay,C,2023,2/9/2023,NA,NA,10:06,NA,"TNT,KH",7,24.5,63.7,4.63,34.01,51711,33607,7.49,N,,,,
St Thomas,Vessup Bay,C,2023,2/9/2023,NA,NA,10:06,NA,"TNT,KH",13,24.5,71,5.02,33.95,51653,33583,7.44,N,,,,
St. John,Water Creek,A,2023,1/23/23,NA,NA,14:31,NA,"KWG, AND, JS, JP, LU, KT",18.5,29.8,105.5,6.61,35.83,54374,35350,NA,N,,,,
St. John,Water Creek,A,2023,1/23/23,NA,NA,14:31,NA,"KWG, AND, JS, JP, LU, KT",22,29.4,108.3,6.83,35.8,54329,35304,NA,N,,,,
St. John,Water Creek,A,2023,1/23/23,NA,NA,14:31,NA,"KWG, AND, JS, JP, LU, KT",22.5,29.2,105.3,6.72,35.83,54326,35293,NA,N,,,,
St. John,Water Creek,B,2023,1/23/23,NA,NA,14:50,NA,"KWG, AND, JS, JP, LU, KT",12.1,27.2,74.5,4.79,36.07,54586,35497,7.54,N,,,,
St. John,Water Creek,B,2023,1/23/23,NA,NA,14:50,NA,"KWG, AND, JS, JP, LU, KT",10.4,27.1,74.6,4.79,35.9,54637,35583,7.54,N,,,,
St. John,Water Creek,B,2023,1/23/23,NA,NA,14:50,NA,"KWG, AND, JS, JP, LU, KT",7.1,26.8,69.7,4.64,36.06,54643,35657,7.47,N,,,,
St. John,Water Creek,C,2023,1/23/23,NA,NA,13:53,NA,"KWG, AND, JS, JP, LU, KT",7.5,26.9,81.5,5.31,35.38,53656,34872,7.81,N,standing water at site,,,
St. John,Water Creek,C,2023,1/23/23,NA,NA,13:53,NA,"KWG, AND, JS, JP, LU, KT",11.5,26.6,80.5,5.27,35.42,53689,34885,7.81,N,tide going out,,,
St. John,Water Creek,C,2023,1/23/23,NA,NA,13:53,NA,"KWG, AND, JS, JP, LU, KT",13.2,26.9,87.6,5.28,35.33,53564,34811,7.81,N,,,,
St Thomas,Brewers Bay,A,2024,6/5/2024,N,NA,NA,NA,NA,17.1,36,90.1,5.75,21.24,32776,20818,7.76,N,actively raining,-6,139.84,
St Thomas,Brewers Bay,A,2024,6/5/2024,N,NA,NA,NA,NA,12.5,31,94.4,5.87,25.13,39460,25504,7.72,N,actively raining,-5,134.52,
St Thomas,Brewers Bay,A,2024,6/5/2024,N,NA,NA,NA,NA,14.8,31.6,99.8,6.11,30.02,46388,30222,7.56,N,actively raining,-4.5,128,
St Thomas,Brewers Bay,B,2024,6/10/2024,N,NA,NA,NA,NA,4,27.9,68.1,5.13,1.35,2632,1712,7.84,N,ghut flowing,-9.7,186.44,
St Thomas,Brewers Bay,B,2024,6/10/2024,N,NA,NA,NA,NA,2.6,28.4,60.5,4.68,1.64,2967,2007,7.62,N,ghut flowing,-4.5,129.04,
St Thomas,Brewers Bay,B,2024,6/10/2024,N,NA,NA,NA,NA,6.2,27.9,69.1,5.22,1.53,2688,1770,7.43,N,ghut flowing,-4,124.87,
St Thomas,Brewers Bay,C,2024,6/10/2024,N,NA,NA,NA,NA,7,33,104.4,6.91,29.67,43964,242,7.85,N,,-12.1,189.03,
St Thomas,Brewers Bay,C,2024,6/10/2024,N,NA,NA,NA,NA,10.7,32.5,106.2,6.78,27.74,46300,27253,7.84,N,,-9.5,154.24,
St Thomas,Brewers Bay,C,2024,6/10/2024,N,NA,NA,NA,NA,11.8,33.3,107.6,6.79,21.4,47785,31176,7.43,N,,-3.6,123.25,
St Thomas,Compass Point,A,2024,6/11/2024,NA,NA,NA,NA,NA,28,30.7,5.7,0.38,29.99,46498,30208,7.71,N,"taken in pond, ",,,
St Thomas,Compass Point,A,2024,6/11/2024,NA,NA,NA,NA,NA,24.6,30.4,4.2,0.29,28.73,44440,28893,7.4,N,"taken in pond, ",,,
St Thomas,Compass Point,A,2024,6/11/2024,NA,NA,NA,NA,NA,27.8,30.4,5.9,0.35,29.26,45344,29487,7.14,N,"taken in pond, ",,,
St Thomas,Compass Point,B,2024,6/11/2024,NA,NA,NA,NA,NA,8,34.8,13.8,0.71,32.71,50687,32849,7.49,Y,,,,
St Thomas,Compass Point,B,2024,6/11/2024,NA,NA,NA,NA,NA,8,36.7,16.3,1.52,15.9,24605,17156,7.41,Y,,,,
St Thomas,Compass Point,B,2024,6/11/2024,NA,NA,NA,NA,NA,10.9,35.8,31.5,1.72,32.7,50467,32667,7.39,Y,,,,
St Thomas,Compass Point,C,2024,6/11/2024,NA,NA,NA,NA,NA,5.7,36.8,57.5,3.71,8.81,15335,10010,8.84,Y,,,,
St Thomas,Compass Point,C,2024,6/11/2024,NA,NA,NA,NA,NA,8.9,36.6,62.5,4.05,7.31,12936,8410,7.98,Y,,,,
St Thomas,Compass Point,C,2024,6/11/2024,NA,NA,NA,NA,NA,6.8,39.3,121.6,7.5,11.62,19820,12912,7.91,Y,,,,
St John,Francis Bay,A,2024,7/17/2024,NA,NA,12:15,NA,NA,6.7,36.5,89.1,5.41,22.35,35917,23342,7.83,N,,,,
St John,Francis Bay,A,2024,7/17/2024,NA,NA,12:15,NA,NA,8.6,35.8,87,5.2,21.8,35118,22814,7.82,Y,,,,
St John,Francis Bay,A,2024,7/17/2024,NA,NA,12:15,NA,NA,5.2,35.7,108.2,6.64,22.25,35778,23275,6.9,N,no water in the plot,,,
St John,Francis Bay,B,2024,7/17/2024,NA,NA,12:02,NA,NA,14.3,33.6,95.4,6,21.93,35146,22845,7.93,N,,,,
St John,Francis Bay,B,2024,7/17/2024,NA,NA,12:02,NA,"AND, JS",11,33.6,91.2,5.72,21.59,34722,22615,7.83,N,,,,
St John,Francis Bay,B,2024,7/17/2024,NA,NA,12:02,NA,NA,9.2,34.7,81.1,5.02,22.04,35389,22981,7.68,N,,,,
St John,Francis Bay,C,2024,7/17/2024,NA,NA,NA,NA,NA,13.3,30,3.19,3.17,21.79,34837,22667,7.78,N,,,,
St John,Francis Bay,C,2024,7/17/2024,NA,NA,NA,NA,NA,12.5,29.4,48.1,3.23,21.35,34196,22233,7.68,N,,,,
St John,Francis Bay,C,2024,7/17/2024,NA,NA,NA,NA,NA,9.5,29.9,25,1.64,22.15,35349,22977,7.44,N,,,,
St Croix,Great Pond,A,2024,7/24/2024,N,Yes,NA,NA,NA,16.2,29,52.4,3.14,42.27,62849,40857,7.7,N,,,,
St Croix,Great Pond,A,2024,7/24/2024,N,Yes,NA,NA,NA,6.8,28.8,48.1,2.85,41.54,61928,40265,7.69,N,,,,
St Croix,Great Pond,A,2024,7/24/2024,N,Yes,NA,NA,NA,7.2,28.1,59.9,3.22,41.71,62143,40395,7.7,N,,,,
St Croix,Great Pond,B,2024,7/22/2024,N,Yes,NA,NA,NA,12.2,35.9,192,10.03,51.62,75179,48899,7.92,N,,,,
St Croix,Great Pond,B,2024,7/22/2024,N,Yes,NA,NA,NA,11.6,36.3,205.4,10.64,52.48,76372,49627,7.56,N,,,,
St Croix,Great Pond,B,2024,7/22/2024,N,Yes,NA,NA,NA,11.8,36.5,198.4,10.28,52.61,76900,49720,7.97,N,,,,
St Croix,Great Pond,C,2024,7/22/2024,N,Yes,NA,NA,NA,10.2,36.7,167.3,8.69,50.98,74245,48321,7.84,N,,,,
St Croix,Great Pond,C,2024,7/22/2024,N,Yes,NA,NA,NA,5.4,36.6,202.8,10.5,51.3,74876,48674,7.96,N,,,,
St Croix,Great Pond,C,2024,7/22/2024,N,Yes,NA,NA,NA,8.7,36.5,208.6,10.95,51.25,74761,48618,7.97,N,,,,
St Croix,Krause Lagoon,A,2024,7/23/2024,N,Yes,NA,NA,NA,16.3,34.8,93.8,5.36,37.89,57420,37339,7.74,N,,,,
St Croix,Krause Lagoon,A,2024,7/23/2024,N,Yes,NA,NA,NA,15.4,35.1,92.8,5.2,38.63,58396,37864,7.68,N,,,,
St Croix,Krause Lagoon,A,2024,7/23/2024,N,Yes,NA,NA,NA,8.2,36.1,78.4,4.3,38.84,60118,39110,7.47,N,,,,
St Croix,Krause Lagoon,B,2024,7/23/2024,N,Yes,NA,NA,NA,11.3,31.4,82.3,4.94,38.08,57427,37338,7.2,Y,,,,
St Croix,Krause Lagoon,B,2024,7/23/2024,N,Yes,NA,NA,NA,8,30.9,65.8,3.97,38.02,57364,37287,7.2,Y,,,,
St Croix,Krause Lagoon,B,2024,7/23/2024,N,Yes,NA,NA,NA,12.1,32.2,65.2,3.84,39.32,57852,37593,7.2,N,,,,
St Croix,Krause Lagoon,C,2024,7/23/2024,N,No,NA,NA,KWG,30.7,29.6,108.2,6.78,36.19,54848,35651,7.92,N,,,,
St Croix,Krause Lagoon,C,2024,7/23/2024,N,No,NA,NA,NA,42.5,29.6,107.5,6.74,36.26,54930,35708,7.93,N,,,,
St Croix,Krause Lagoon,C,2024,7/23/2024,N,No,NA,NA,NA,41.2,29.5,105.2,6.6,36.39,55076,35813,7.87,N,,,,
St John,Lameshur Bay,A,2024,8/6/2024,NA,NA,NA,NA,NA,2,40.1,213.8,10.89,40.58,65113,43016,8.65,Y,,,,
St John,Lameshur Bay,A,2024,8/6/2024,NA,NA,NA,NA,NA,1,40.1,120.6,6.23,43.08,64276,41858,8.41,Y,,,,
St John,Lameshur Bay,A,2024,8/6/2024,NA,NA,NA,NA,NA,3,40,102.2,7.09,40.57,63321,65060,8.07,Y,,,,
St John,Lameshur Bay,B,2024,8/6/2024,NA,NA,NA,NA,NA,2,33.7,95.3,5.44,40.5,60837,39606,8.41,Y,,,,
St John,Lameshur Bay,B,2024,8/6/2024,NA,NA,NA,NA,NA,1,36.8,91.5,4.8,47.65,69911,45715,7.83,Y,,,,
St John,Lameshur Bay,B,2024,8/6/2024,NA,NA,NA,NA,NA,1,33.1,87.8,5.11,39.1,55999,38318,6.88,Y,,,,
St John,Lameshur Bay,C,2024,8/6/2024,NA,NA,NA,NA,NA,2,33.4,112.9,6.59,36.4,58054,31728,7.94,N,,,,
St John,Lameshur Bay,C,2024,8/6/2024,NA,NA,NA,NA,NA,1,36.5,71.3,4.39,18.59,30380,19784,7.82,Y,,,,
St John,Lameshur Bay,C,2024,8/6/2024,NA,NA,NA,NA,NA,1,33.1,114.3,6.74,37.28,56527,36589,7.69,N,,,,
St. Thomas,Magens Bay,A,2024,7/9/24,NA,NA,NA,NA,"SM, JC",11.5,27,7.8,0.59,3.33,6148,3998,7.43,N,,,,
St. Thomas,Magens Bay,A,2024,7/9/24,NA,NA,NA,NA,"SM, JC",13.5,27.1,22.1,1.25,3.54,6513,4233,7.48,N,,,,
St. Thomas,Magens Bay,A,2024,7/9/24,NA,NA,NA,NA,"SM, JC",9.5,27.1,23,1.67,3.76,6883,4474,7.49,N,,,,
St. Thomas,Magens Bay,B,2024,7/9/24,NA,NA,NA,NA,"JC, JS",25.5,28.8,18.1,1.25,6.86,12081,7854,7.49,N,,,,
St. Thomas,Magens Bay,B,2024,7/9/24,NA,NA,NA,NA,"JC, JS",25,29,15.5,1.32,7.03,12348,8028,7.45,N,,,,
St. Thomas,Magens Bay,B,2024,7/9/24,NA,NA,NA,NA,"JC, JS",12,28.4,20.5,1.45,6.91,12151,7900,7.53,N,,,,
St. Thomas,Magens Bay,C,2024,7/19/24,NA,NA,11:21,NA,AND,15.5,32.4,31,1.85,19.83,32058,20867,7.45,N,,,,
St. Thomas,Magens Bay,C,2024,7/19/24,NA,NA,11:21,NA,AND,14.3,31.8,14.7,0.91,20.77,33484,21803,7.52,N,,,,
St. Thomas,Magens Bay,C,2024,7/19/24,NA,NA,11:21,NA,AND,16.8,31.7,17.4,1.04,20.67,33351,21694,7.57,N,,,,
St Thomas,Mandahl Bay,A,2024,6/7/2024,NA,NA,13:05,NA,NA,9.5,31.3,51.9,3,36.28,55067,35789,7.79,N,,,,
St Thomas,Mandahl Bay,A,2024,6/7/2024,NA,NA,13:05,NA,NA,7.5,31.3,38.9,2.28,36.23,54994,35743,7.75,N,,,,
St Thomas,Mandahl Bay,A,2024,6/7/2024,NA,NA,13:05,NA,NA,8.1,31.4,44.3,2.65,35.65,54381,35379,7.73,N,,,,
St Thomas,Mandahl Bay,B,2024,6/7/2024,NA,NA,10:45,NA,NA,14.3,29.1,50.1,3.05,36,54589,35498,7.76,N,sample cup,,,
St Thomas,Mandahl Bay,B,2024,6/7/2024,NA,NA,10:45,NA,NA,22.1,29.3,57.5,3.3,36.04,54638,35514,7.74,N,sample cup,,,
St Thomas,Mandahl Bay,B,2024,6/7/2024,NA,NA,10:45,NA,NA,16.5,28.8,38.7,2.4,35.59,54027,35114,7.57,N,sample cup,,,
St Thomas,Mandahl Bay,C,2024,6/10/2024,NA,NA,9:45,NA,NA,15.5,30.3,102.1,6.28,36.95,55883,36322,8.04,N,,,,
St Thomas,Mandahl Bay,C,2024,6/10/2024,NA,NA,9:45,NA,NA,10,30.2,99.4,6.06,36.57,55469,36107,7.91,N,,,,
St Thomas,Mandahl Bay,C,2024,6/10/2024,NA,NA,9:45,NA,NA,10.8,29.2,70.2,4.25,36.75,55590,36046,7.8,N,,,,
St John,Mary Creek,A,2024,8/9/2024,NA,NA,NA,NA,"KR, JC",6,32.3,74.4,4.58,31.06,47995,31200,7.62,N,,,,
St John,Mary Creek,A,2024,8/9/2024,NA,NA,NA,NA,"KR, JC",12.3,31.9,64.4,4,31,47898,31135,7.57,N,,,,
St John,Mary Creek,A,2024,8/9/2024,NA,NA,NA,NA,"KR, JC",12.3,31.8,77.1,4.78,31.01,48039,31233,7.57,N,,,,
St John,Mary Creek,B,2024,8/9/2024,NA,NA,NA,NA,"KR, JC",20.5,32.6,97.8,5.83,31.26,48443,31401,7.73,N,,,,
St John,Mary Creek,B,2024,8/9/2024,NA,NA,NA,NA,"KR, JC",25.3,33,79.7,4.85,31.25,48336,31403,7.68,N,,,,
St John,Mary Creek,B,2024,8/9/2024,NA,NA,NA,NA,"KR, JC",17.2,32.6,94.6,5.8,31.22,48376,31418,7.63,N,,,,
St John,Mary Creek,C,2024,8/9/2024,NA,NA,NA,NA,"KR, JC",24.5,31.3,120.6,7.3,35.99,54679,35540,7.97,N,,,,
St John,Mary Creek,C,2024,8/9/2024,NA,NA,NA,NA,"KR, JC",28.6,31.5,121.2,7.39,36,54678,35542,7.96,N,"HM, DG",,,
St John,Mary Creek,C,2024,8/9/2024,NA,NA,NA,NA,"KR, JC",21.5,31.6,118.6,7.2,35.98,54677,35542,7.9,N,,,,
St Thomas,Perseverance Bay,A,2024,6/12/2024,N,NA,NA,NA,"DG, JC",30.6,31.9,30.6,2.09,8.36,14545,9453,7.33,N,,,,
St Thomas,Perseverance Bay,A,2024,6/12/2024,N,NA,NA,NA,"DG, JC",40.2,30.6,15.5,1.03,8.42,14672,9484,7.23,N,,,,
St Thomas,Perseverance Bay,A,2024,6/12/2024,N,NA,NA,NA,"DG, JC",30.6,30.9,33.2,2.16,8.33,14506,9439,7.19,N,,,,
St Thomas,Perseverance Bay,B,2024,6/12/2024,N,NA,NA,NA,"HM, DG",40.4,32.1,30.4,2.16,8.44,14669,9535,7.34,N,,,,
St Thomas,Perseverance Bay,B,2024,6/12/2024,N,NA,NA,NA,"HM, DG",47,32.2,42,2.34,8.62,14303,9606,7.31,N,,,,
St Thomas,Perseverance Bay,B,2024,6/12/2024,N,NA,NA,NA,"HM, DG",45,32.5,41.6,2.82,8.34,14644,9534,7.33,N,,,,
St Thomas,Perseverance Bay,C,2024,6/12/2024,N,NA,NA,NA,"HM, DG",40.2,31.4,28.1,4.8,8.56,14883,9689,7.38,N,,,,
St Thomas,Perseverance Bay,C,2024,6/12/2024,N,NA,NA,NA,"HM, DG",47,31.7,36.5,2.01,8.52,14819,9650,7.42,N,,,,
St Thomas,Perseverance Bay,C,2024,6/12/2024,N,NA,NA,NA,"HM, DG",51,31.6,24.7,1.21,8.63,14974,9683,7.32,N,,,,
St John,Princess Bay,A,2024,7/18/2024,NA,NA,NA,NA,NA,5.5,30.4,112.9,7.01,35.31,53705,34911,7.94,N,,,,
St John,Princess Bay,A,2024,7/18/2024,NA,NA,NA,NA,NA,12.3,30.1,101.1,6.24,33.35,53741,34936,7.92,N,taken at the ocean,,,
St John,Princess Bay,A,2024,7/18/2024,NA,NA,NA,NA,NA,5.4,29.5,15,0.86,33.14,50714,32978,7.01,Y,rained at time for collection,,,
St John,Princess Bay,B,2024,7/18/2024,NA,NA,NA,NA,NA,40,31.5,126.8,7.72,35.89,54496,35424,7.99,N,no standing water in the plot,,,
St John,Princess Bay,B,2024,7/18/2024,NA,NA,NA,NA,NA,23.7,31.2,123,7.53,35.7,54275,35286,7.98,N,no standing water in the plot,,,
St John,Princess Bay,B,2024,7/18/2024,NA,NA,NA,NA,NA,35.3,31.2,124.8,7.67,35.55,54056,35145,7.97,N,no standing water in the plot,,,
St John,Princess Bay,C,2024,7/18/2024,NA,NA,NA,NA,NA,22.2,32,136.6,8.29,36.08,54803,35631,8.04,N,,,,
St John,Princess Bay,C,2024,7/18/2024,NA,NA,NA,NA,NA,24.6,31.9,130.8,7.92,36.07,54769,35604,8.01,N,,,,
St John,Princess Bay,C,2024,7/18/2024,NA,NA,NA,NA,NA,23.5,32.1,137.5,8.4,36.09,54833,35639,8,N,,,,
St John,Reef Bay,A,2024,10/8/2024,NA,NA,NA,NA,AND LU,28.1,30.5,77.7,4.92,4.58,8332,5409,8.12,N,AND LU,,,
St John,Reef Bay,A,2024,10/8/2024,NA,NA,NA,NA,AND LU,33.5,30.6,43,2.65,4.4,8341,5425,8.04,N,AND LU,,,
St John,Reef Bay,A,2024,10/8/2024,NA,NA,NA,NA,AND LU,26.8,30,72.2,4.42,4.6,8323,5423,8,N,AND LU,,,
St John,Reef Bay,B,2024,10/8/2024,NA,NA,NA,NA,MG LU,35,31.1,61.9,4.48,4.51,8209,5336,8.16,N,MG LU,,,
St John,Reef Bay,B,2024,10/8/2024,NA,NA,NA,NA,MG LU,27.5,30.5,64.6,4.52,4.52,8220,5345,8.08,N,MG LU,,,
St John,Reef Bay,B,2024,10/8/2024,NA,NA,NA,NA,MG LU,30,31.4,53.4,3.9,4.52,8218,5342,7.91,N,MG LU,,,
St John,Reef Bay,C,2024,10/8/2024,NA,NA,NA,NA,MG LU,34.4,31,52,3.71,4.43,8078,5249,7.94,N,MG LU,,,
St John,Reef Bay,C,2024,10/8/2024,NA,NA,NA,NA,MG LU,34.2,31.5,54.6,3.86,4.42,8052,5234,7.93,N,MG LU,,,
St John,Reef Bay,C,2024,10/8/2024,NA,NA,NA,NA,MG LU,29.4,31,48.6,3.43,4.41,8039,5224,7.9,N,MG LU,,,
St Croix,Salt River,A,2024,7/24/2024,N,Y,NA,NA,NA,23.4,34.8,243.8,13.51,44.13,65603,42674,8.93,N,,,,
St Croix,Salt River,A,2024,7/24/2024,N,Y,NA,NA,NA,12.9,34.5,248.4,13.83,44.21,65701,42704,8.9,N,,,,
St Croix,Salt River,A,2024,7/24/2024,N,Y,NA,NA,NA,24,35,255.6,13.8,44.23,65710,42745,8.94,N,,,,
St Croix,Salt River,B,2024,7/24/2024,N,Y,NA,NA,NA,6.5,30.4,80.7,4.96,37.48,56608,36797,7.48,Y,,,,
St Croix,Salt River,B,2024,7/24/2024,N,Y,NA,NA,NA,83.9,30.9,78,4.75,37.36,56477,36714,7.71,N,,,,
St Croix,Salt River,B,2024,7/24/2024,N,Y,NA,NA,NA,43.8,31,72.6,4.42,37.37,56499,36726,7.7,N,,,,
St Croix,Salt River,C,2024,7/24/2024,N,Y,NA,NA,NA,3.5,29.7,52.7,3.27,37.42,56453,36605,7.35,N,,,,
St Croix,Salt River,C,2024,7/24/2024,N,Y,NA,NA,NA,9.5,29.8,51.4,3.18,37.32,56426,36680,7.31,N,,,,
St Croix,Salt River,C,2024,7/24/2024,N,Y,NA,NA,NA,7.8,29.7,55.6,3.56,37.28,56412,36682,7.28,N,,,,
St Croix,Southgate,A,2024,7/22/2024,N,Y,NA,NA,NA,9.8,31.1,58.8,4.05,9.88,16955,11020,7.74,N,,,,
St Croix,Southgate,A,2024,7/22/2024,N,Y,NA,NA,NA,10,31.2,54.3,4.11,9.88,16955,11020,7.77,N,,,,
St Croix,Southgate,A,2024,7/22/2024,N,Y,NA,NA,NA,11,31.4,73.5,5.03,10.06,17288,11205,7.75,N,,,,
St Croix,Southgate,B,2024,7/22/2024,N,Y,NA,NA,NA,9.9,30.5,43.6,3.08,9.72,16697,10854,7.99,N,,,,
St Croix,Southgate,B,2024,7/22/2024,N,Y,NA,NA,NA,15.9,31,78.6,5.56,9.72,16696,10853,8.13,N,,,,
St Croix,Southgate,B,2024,7/22/2024,N,Y,NA,NA,NA,12.8,30.7,54.5,3.87,9.73,16696,10852,8.1,N,,,,
St Croix,Southgate,C,2024,7/22/2024,N,Y,NA,NA,NA,5,28.4,67.8,4.97,9.65,18544,10754,7.89,N,,,,
St Croix,Southgate,C,2024,7/22/2024,N,Y,NA,NA,NA,4.5,27.7,55.1,3.94,9.51,16335,10631,7.97,N,,,,
St Croix,Southgate,C,2024,7/22/2024,N,Y,NA,NA,NA,8.1,28.3,71.5,5.24,9.39,16122,10494,8.01,N,,,,
St Thomas,STEER Basin,A,2024,6/18/2024,NA,NA,NA,NA,NA,11.3,40.5,587.6,36.81,2.93,5557,3617,9.23,N,,,,
St Thomas,STEER Basin,A,2024,6/18/2024,NA,NA,NA,NA,NA,24.8,40.5,349.2,3.32,3.33,6271,4077,9.2,N,,,,
St Thomas,STEER Basin,A,2024,6/18/2024,NA,NA,NA,NA,NA,8.4,38,38.3,2.12,3.74,6920,4507,8.45,Y,,,,
St Thomas,STEER Basin,B,2024,7/8/2024,NA,NA,NA,NA,"LU, KWG",6,33,59.2,3.71,28.98,45419,29535,7.98,N,,,,
St Thomas,STEER Basin,B,2024,7/8/2024,NA,NA,NA,NA,"LU, KWG",5,35.8,15.5,0.98,29.19,45582,29612,7.72,N,,,,
St Thomas,STEER Basin,B,2024,7/8/2024,NA,NA,NA,NA,"LU, KWG",5.4,38.8,8.3,0.56,26.27,41705,27227,7.58,N,,,,
St Thomas,STEER Basin,C,2024,6/18/2024,NA,NA,NA,NA,NA,2.5,30.5,47.5,3.45,2.49,4714,3066,8.34,Y,,,,
St Thomas,STEER Basin,C,2024,6/18/2024,NA,NA,NA,NA,NA,10.9,31.1,79.3,5.8,2.09,3982,2588,8.22,Y,,,,
St Thomas,STEER Basin,C,2024,6/18/2024,NA,NA,NA,NA,NA,10,31,12.3,0.86,2.76,5175,3365,8.2,N,,,,
St Thomas,STEER Fringe,A,2024,7/5/2024,NA,NA,NA,NA,"SM, TC",3.1,29.2,95.5,6.15,31.69,48495,31590,7.34,Y,,,,
St Thomas,STEER Fringe,A,2024,7/5/2024,NA,NA,NA,NA,"SM, TC",3.9,28.8,93.2,6,31.82,48695,31415,7.28,Y,,,,
St Thomas,STEER Fringe,A,2024,7/5/2024,NA,NA,NA,NA,"SM, TC",5.2,28.4,86.1,5.58,32.25,49190,32019,7.26,Y,,,,
St Thomas,STEER Fringe,B,2024,7/8/2024,NA,NA,NA,NA,"SM, LU",3.7,27.7,81,5.91,26.63,41637,27062,7.94,Y,,,,
St Thomas,STEER Fringe,B,2024,7/8/2024,NA,NA,NA,NA,"SM, LU",2.9,27.7,90.3,6.24,26.9,42038,27330,7.63,Y,,,,
St Thomas,STEER Fringe,B,2024,7/8/2024,NA,NA,NA,NA,"SM, LU",2.5,27.3,37.6,2.79,12.14,26392,13263,7.56,Y,DO% RTB,,,
St Thomas,STEER Fringe,C,2024,7/8/2024,NA,NA,NA,NA,"KWG, AND",5,32.6,78.9,4.85,29.98,46152,30016,7.33,Y,,,,
St Thomas,STEER Fringe,C,2024,7/8/2024,NA,NA,NA,NA,"KWG, AND",4.3,30.4,73.8,4.64,31.25,48184,31316,7.07,Y,,,,
St Thomas,STEER Fringe,C,2024,7/8/2024,NA,NA,NA,NA,"KWG, AND",3.9,29.5,66.2,4.1,37.24,49730,32310,7,Y,,,,
St John,Turner Bay,A,2024,8/7/2024,NA,NA,NA,NA,NA,1.8,28.6,16.8,1.13,27.8,NA,20105,7.54,Y,datasheet smudged some data missing,,,
St John,Turner Bay,A,2024,8/7/2024,NA,NA,NA,NA,NA,3,27.8,18,1.15,23,3155,24351,7.42,Y,datasheet smudged some data missing,,,
St John,Turner Bay,A,2024,8/7/2024,NA,NA,NA,NA,NA,4,27.9,32.6,1.52,34.84,NA,NA,7.23,Y,datasheet smudged some data missing,,,
St John,Turner Bay,B,2024,8/7/2024,NA,NA,NA,NA,NA,16,30.5,39.4,2.71,7.8,NA,NA,7.3,N,datasheet smudged some data missing,,,
St John,Turner Bay,B,2024,8/7/2024,NA,NA,NA,NA,NA,6.5,26.9,9.4,0.64,16.18,26546,NA,7.29,N,datasheet smudged some data missing,,,
St John,Turner Bay,B,2024,8/7/2024,NA,NA,NA,NA,NA,15,28.8,10.1,0.56,31.97,NA,NA,7.21,N,datasheet smudged some data missing,,,
St John,Turner Bay,C,2024,8/7/2024,NA,NA,NA,NA,NA,12.3,29.5,24.7,1.55,33.24,50850,33053,7.38,N,,,,
St John,Turner Bay,C,2024,8/7/2024,NA,NA,NA,NA,NA,13,29.5,12.7,0.48,33.73,51518,33488,7.35,N,,,,
St John,Turner Bay,C,2024,8/7/2024,NA,NA,NA,NA,NA,3.7,29.6,4.6,0.28,34.08,51002,33803,7.25,N,,,,
St Thomas,Vessup Bay,A,2024,6/13/2024,NA,NA,NA,NA,"HM, DG",27.9,30.5,79.5,4.68,34.71,52951,34454,7.97,N,"HM, DG",,,72788
St Thomas,Vessup Bay,A,2024,6/13/2024,NA,NA,NA,NA,"HM, DG",14.5,31.4,84,5.2,33.89,51850,33812,7.95,N,"HM, DG",,,73195
St Thomas,Vessup Bay,A,2024,6/13/2024,NA,NA,NA,NA,"HM, DG",17.1,30.8,84.2,5.12,24.21,52280,34047,7.95,N,"HM, DG",,,74671
St Thomas,Vessup Bay,B,2024,6/13/2024,NA,NA,NA,NA,"HM, DG",23.2,31,86.4,5.33,32.25,50267,32650,7.97,N,"HM, DG",,,67748
St Thomas,Vessup Bay,B,2024,6/13/2024,NA,NA,NA,NA,"HM, DG",19.3,30.8,72.5,4.45,30.75,47528,30887,7.91,N,"HM, DG",,,74897
St Thomas,Vessup Bay,B,2024,6/13/2024,NA,NA,NA,NA,"HM, DG",14.5,30.6,72.1,4.5,30.28,46951,30543,7.85,N,"HM, DG",,,75826
St Thomas,Vessup Bay,C,2024,6/13/2024,NA,NA,NA,NA,"HM, DG",35.2,31.8,138.7,8.54,34.08,52091,33858,8.27,N,"HM, DG",,,
St Thomas,Vessup Bay,C,2024,6/13/2024,NA,NA,NA,NA,"HM, DG",29.2,32,143.3,8.87,33.99,51997,33802,8.24,N,"HM, DG",,,
St Thomas,Vessup Bay,C,2024,6/13/2024,NA,NA,NA,NA,"HM, DG",37.1,31.8,121.4,7.99,33.82,51734,33651,8.22,N,"HM, DG",,,
St John,Water Creek,A,2024,8/8/2024,NA,NA,NA,NA,NA,20.1,38.8,108.1,6.62,36.04,54679,35546,7.94,N,,,,
St John,Water Creek,A,2024,8/8/2024,NA,NA,NA,NA,NA,15.2,29.3,73,4.56,36.17,54800,35620,7.64,N,,,,
St John,Water Creek,A,2024,8/8/2024,NA,NA,NA,NA,"KR, JC",7.7,29,87.7,5.13,36.14,54784,33613,7.4,Y,,,,
St John,Water Creek,B,2024,8/8/2024,NA,NA,NA,NA,"KR, JC",12.4,33.9,93,5.33,36.32,55260,35916,7.77,N,,,,
St John,Water Creek,B,2024,8/8/2024,NA,NA,NA,NA,"KR, JC",13,34,94.3,5.42,36.47,55301,35936,7.74,N,,,,
St John,Water Creek,B,2024,8/8/2024,NA,NA,NA,NA,"KR, JC",14.8,33.7,85.2,4.83,36.34,55256,35928,7.72,N,,,,
St John,Water Creek,C,2024,8/8/2024,NA,N,NA,NA,"LU, SM",5.9,32.1,49.3,2.94,36.69,55635,36163,7.67,N,recorded outside plot,,,
St John,Water Creek,C,2024,8/8/2024,NA,N,NA,NA,"LU, SM",4.8,30.7,50.1,3.06,36.6,55436,36037,7.21,N,recorded outside plot,,,
St John,Water Creek,C,2024,8/8/2024,NA,N,NA,NA,"LU, SM",5,31.1,45,2.69,36.61,55415,36045,6.25,N,recorded outside plot,,,